Title,location,bhk,bath,total_sqft,price_per_sqft,price,area_type
2 BHK Apartment , Maruthi Nagar,2,2,959,4171,42,Built-upArea
2 BHK Apartment , CV Raman Nagar,2,2,1165,5579,65,CarpetArea
2 BHK Apartment , CV Raman Nagar,2,2,1150,5391,62,CarpetArea
2 BHK Apartment , 6th Block Jayanagar,2,2,1065,6568,69.95,Built-upArea
3 BHK Apartment , Sarjapur Road,3,2,922,7049,65,Superbuilt-up
3 BHK Apartment , Thanisandra,3,3,2050,7804,160,Superbuilt-up
2 Bedroom House , Bannerghatta Road,2,2,1200,6000,72,PlotArea
2 Bedroom House , Sarjapur Road,2,2,1483,10114,150,PlotArea
2 BHK Apartment , Jalahalli East,2,2,1165,6008,70,Built-upArea
2 BHK Apartment , Billekahalli,2,2,1222,8592,105,Built-upArea
2 BHK Apartment , Horamavu,2,2,1205,7219,87,Superbuilt-up
3 BHK Apartment , Budigere Cross,3,3,1612,6856,82,Built-upArea
3 BHK Apartment , Kanaka Nagar,3,2,1429,7067,101,Superbuilt-up
3 BHK Apartment , Vijayanagar,3,3,1704,7200,125,CarpetArea
3 BHK Apartment , Kanakapura Road,3,3,1314,8371,110,Superbuilt-up
2 BHK Apartment , Indira Nagar,2,2,1100,6363,70,Superbuilt-up
2 BHK Apartment , Hebbal,2,2,1200,6000,72,Built-upArea
3 BHK Apartment , Whitefield,3,2,1645,6686,110,Superbuilt-up
3 BHK Apartment , Sarjapur Road,3,3,1441,4718,68,Superbuilt-up
2 BHK Apartment , Kanakapura Road,2,2,1090,8073,88,CarpetArea
1 Bedroom House , Marathahalli,1,1,1800,8333,160,PlotArea
3 BHK Apartment , Hebbal,3,3,1750,5142,90,Superbuilt-up
2 BHK Apartment , Kanakapura Road,2,2,1340,5223,70,Superbuilt-up
2 BHK Apartment ," Maruthi Nagar, Malleshpalya",2,2,1233,7299,90,Built-upArea
3 BHK Apartment , Doddanagamangala,3,2,1252,5990,70,Built-upArea
3 BHK Apartment , Kengeri,3,2,1325,5283,65,Superbuilt-up
3 BHK Apartment , Yelahanka,3,3,1705,5278,90,Built-upArea
3 BHK Apartment , Nagarbhavi,3,2,1300,7615,99,CarpetArea
2 BHK Apartment , Mysore Road,2,2,1074,7076,76,Superbuilt-up
2 BHK Apartment , Electronic City,2,2,950,6526,62,Superbuilt-up
3 BHK Apartment , Tumkur Road,3,2,1373,11167,110,Superbuilt-up
3 Bedroom House , Mathikere,3,2,1530,9281,142,PlotArea
3 BHK Apartment , Jalahalli,3,3,1650,8484,13,CarpetArea
2 BHK Apartment , Bommanahalli,2,2,940,4574,43,Built-upArea
3 BHK Apartment , Electronic City,3,2,1500,5866,88,Superbuilt-up
3 BHK Apartment , Hennur Road,3,3,1590,7547,120,Superbuilt-up
2 BHK Apartment , Kudlu Gate,2,2,1368,5482,75,CarpetArea
2 BHK Apartment , Atmananda Colony,2,2,995,4824,48,CarpetArea
2 BHK Apartment , Cox Town,2,2,1100,6781,74.6,Built-upArea
3 BHK Apartment , 9th Phase JP Nagar,3,3,1600,7500,120,CarpetArea
2 BHK Apartment , Kengeri Satellite Town,2,2,1119,5272,59,Superbuilt-up
2 BHK Apartment , Rajapura,2,2,920,5217,48,Superbuilt-up
3 BHK Apartment , Jakkur,3,3,1725,5420,95,Built-upArea
2 BHK Apartment , Thanisandra,2,2,1263,6730,85,Superbuilt-up
2 BHK Apartment , Mallasandra,2,1,746,5093,38,Built-upArea
2 BHK Apartment , Uttarahalli,2,2,959,6256,55,Superbuilt-up
2 BHK Apartment , Jayanagar,2,2,1060,9433,100,CarpetArea
3 Bedroom House , MS Pallya,3,3,1200,10000,120,PlotArea
3 BHK Apartment , Sri Balaji Krupa Layout,3,2,1241,5640,70,Superbuilt-up
2 BHK Independent Builder Floor , Jakkur,2,2,1375,5019,69,CarpetArea
2 BHK Apartment , Tata Nagar,2,2,1307,6044,79,Built-upArea
2 BHK Independent Builder Floor , Ramamurthy Nagar,2,2,1250,3840,48,CarpetArea
2 BHK Apartment , Kalkere,2,2,1122,5525,62,Superbuilt-up
3 BHK Apartment , JP Nagar,3,2,1450,4690,68,Superbuilt-up
2 BHK Apartment , Rayasandra,2,2,1287,4817,62,CarpetArea
3 BHK Apartment , Kaikondrahalli,3,3,2075,8000,166,Superbuilt-up
2 BHK Apartment , Kanakapura Road,2,2,907,8820,80,Built-upArea
2 BHK Apartment , Jayamahal,2,2,1238,7269,90,CarpetArea
3 BHK Apartment , Whitefield,3,3,1700,4648,79,Superbuilt-up
3 BHK Apartment , Sarjapur Road,3,3,1239,5972,74,Superbuilt-up
2 BHK Apartment , Tumkur Road,2,2,814,5159,42,Superbuilt-up
2 BHK Apartment , Nandi Durga Road,2,2,1340,7462,100,Built-upArea
3 BHK Apartment , Devarachikkanahalli,3,3,1575,6000,95,Built-upArea
2 BHK Apartment , Yelahanka New Town,2,2,1261,6582,83,CarpetArea
2 BHK Apartment , Sahakara Nagar,2,2,1200,6583,79,Built-upArea
3 BHK Apartment , Sahakara Nagar,3,2,1345,5947,80,Superbuilt-up
2 BHK Independent Builder Floor , Domlur,2,2,1150,7826,90,Built-upArea
3 BHK Apartment , Hennur Road,3,3,1590,8176,130,Superbuilt-up
3 BHK Apartment , HBR Layout,3,3,2012,11182,225,CarpetArea
2 BHK Apartment , Tejasw,2,2,1160,5344,62,Superbuilt-up
2 BHK Apartment , Yelahanka,2,2,1270,5511,70,Superbuilt-up
3 BHK Apartment , Sampangi Rama Nagar,3,3,1650,7575,125,Built-upArea
2 Bedroom House , Horamavu,2,2,1004,7238,76,PlotArea
2 BHK Apartment , Bommanahalli,2,2,1038,2890,30,Superbuilt-up
3 BHK Apartment , Hoodi,3,2,1320,4469,59,Built-upArea
4 Bedroom House , Kaggadasapura,4,3,2000,8750,175,Built-upArea
2 BHK Apartment , Near International Airport,2,2,1000,10900,109,CarpetArea
3 BHK Independent Builder Floor , Frazer Town,3,3,2000,6500,130,Superbuilt-up
3 BHK Apartment , Kodihalli,3,3,1335,6516,87,Built-upArea
2 BHK Apartment , Mallasandra,2,2,1082,5914,64,CarpetArea
3 BHK Apartment , Near International Airport,3,2,1520,3618,55,Superbuilt-up
3 Bedroom House , Sunkadakatte,3,2,1140,5439,62,Built-upArea
2 BHK Apartment , Mysore Road,2,2,940,9255,87,Superbuilt-up
2 BHK Apartment , EPIP Zone,2,2,1130,6283,71,Superbuilt-up
3 BHK Apartment , Kothanur,3,3,2045,7579,155,Superbuilt-up
2 BHK Apartment , Hosa Road,2,2,1050,4190,44,Built-upArea
2 BHK Apartment , Chandapura,2,1,711,4153,25.5,Built-upArea
3 Bedroom House , Bendiganahalli,3,3,1200,7500,90,PlotArea
3 BHK Apartment , Yelahanka New Town,3,3,1879,6386,120,Built-upArea
2 BHK Apartment , BTM 1st Stage,2,2,1330,4360,58,Superbuilt-up
2 BHK Apartment , Electronic City,2,2,1196,7107,85,Superbuilt-up
2 BHK Apartment , Yelahanka,2,2,1135,5726,65,Built-upArea
2 BHK Apartment , Yelahanka,2,2,1070,5794,62,Superbuilt-up
2 BHK Apartment , Yelahanka,2,2,1115,5829,65,Superbuilt-up
3 BHK Apartment , Uttarahalli,3,2,1340,5000,67,CarpetArea
3 BHK Independent Builder Floor , Gubbalala,3,2,1619,5867,95,CarpetArea
3 BHK Apartment , Chandapura,3,3,1197,4177,50,CarpetArea
1 BHK Apartment , Jalahalli East,1,1,780,6153,48,CarpetArea
1 Bedroom House , Rajarajeshwari Nagar,1,1,1876,4550,85,PlotArea
3 BHK Apartment , Thirumenahalli,3,2,1410,6028,85,CarpetArea
3 BHK Apartment , Yelahanka,3,3,1515,4950,70,Superbuilt-up
3 BHK Apartment , Vidyaranyapura,3,2,1360,6029,82,Superbuilt-up
2 BHK Apartment , Banashankari Stage I,2,2,1014,9500,95,Superbuilt-up
1 BHK Apartment , Thirupalya,1,1,500,7200,36,CarpetArea
3 BHK Apartment , Hosahalli,3,3,1117,9846,110,CarpetArea
3 BHK Apartment , Whitefield,3,3,1500,4533,68,CarpetArea
2 BHK Apartment , 8th Phase JP Nagar,2,2,1265,6956,88,Superbuilt-up
3 BHK Apartment , Doddaballapur Road,3,2,1187,3538,42,CarpetArea
2 BHK Apartment , Nelamangala,2,2,1187,5897,70,Superbuilt-up
3 BHK Apartment , HSR Layout,3,3,1675,8059,135,Superbuilt-up
2 BHK Apartment , Hoodi,2,2,1135,4405,50,CarpetArea
2 BHK Apartment , Kasturi Nagar,2,2,1025,8292,82,Built-upArea
3 BHK Apartment ," Yelahanka, Bangalore",3,3,1496,4812,72,Superbuilt-up
2 BHK Apartment , BEL Road,2,2,900,5777,52,Built-upArea
2 Bedroom House , Banjara Layout,2,2,1270,7086,90,PlotArea
2 BHK Apartment , BTM 2nd Stage,2,2,1200,6250,75,Superbuilt-up
3 BHK Apartment , Talacauvery Layout,3,3,1610,8074,130,Superbuilt-up
2 BHK Apartment , Mathikere,2,2,1016,6889,70,CarpetArea
3 BHK Apartment , Sarjapur Road,3,3,1573,6675,105,CarpetArea
2 BHK Apartment , Hallehalli,2,2,1172,3839,45,CarpetArea
2 BHK Apartment , Dodda Nekkundi,2,2,1055,6445,68,Superbuilt-up
3 BHK Apartment , Banashankari,3,3,1520,5592,85,CarpetArea
2 BHK Apartment , Dodda Nekkundi,2,2,1275,8372,90,Built-upArea
3 BHK Apartment , Kadugodi,3,3,1670,5209,87,Superbuilt-up
2 BHK Apartment , Sneha Colony,2,2,875,4914,43,CarpetArea
2 BHK Apartment , Marathahalli,2,2,1283,5845,75,Superbuilt-up
2 BHK Apartment , Sarjapur Road,2,2,1258,5962,83,Superbuilt-up
2 BHK Apartment , 5th Phase JP Nagar,2,3,1200,5416,65,CarpetArea
2 BHK Apartment , Chikkabanavar,2,2,1000,5000,50,CarpetArea
3 BHK Apartment , Dollars Colony,3,3,1815,9917,180,CarpetArea
2 BHK Apartment , Hennur Road,2,2,1260,6715,70,Superbuilt-up
3 BHK Apartment , LB Shastri Nagar,3,2,1370,6496,89,Superbuilt-up
2 BHK Apartment , Narayana Nagar 1st Block,2,2,989,6572,65,CarpetArea
2 BHK Apartment , Hebbal,2,2,1000,4500,45,Built-upArea
2 BHK Apartment , BEL Road,2,2,1150,6260,73,CarpetArea
2 BHK Apartment , Peenya,2,2,814,5528,45,CarpetArea
2 BHK Apartment , Devi Nagar,2,2,1395,6308,88,Superbuilt-up
2 BHK Apartment , Ambedkar Colony,2,2,1450,10482,152,Superbuilt-up
2 BHK Apartment , Anantapuram,2,2,928,5172,48,CarpetArea
2 BHK Apartment , Kirloskar Layout,2,2,900,3666,33,Superbuilt-up
3 BHK Apartment , KR Puram,3,3,1502,6591,99,Built-upArea
3 BHK Apartment , Kumarapalli,3,2,1488,5040,75,Superbuilt-up
2 BHK Apartment , Bannerghatta Road,2,2,1305,4980,65,Superbuilt-up
2 BHK Apartment , Channasandra Layout,2,2,1010,6039,57,Built-upArea
3 BHK Apartment , Murugeshpalya,3,2,1400,8000,100,Superbuilt-up
3 BHK Apartment , Amruthahalli,3,2,1540,4546,70,Built-upArea
3 BHK Apartment , TC Palaya,3,3,1250,6560,82,CarpetArea
2 BHK Apartment , Benson Town,2,2,1166,7718,90,Built-upArea
3 BHK Apartment , Electronics City Phase 1,3,3,2035,6879,140,Built-upArea
2 BHK Apartment , Dasarahalli,2,2,872,5504,48,Superbuilt-up
2 BHK Apartment , Yelahanka,2,2,870,6034,52.5,CarpetArea
3 BHK Apartment , TC Palaya,3,3,1100,4181,46,CarpetArea
3 BHK Apartment , Sarjapur,3,2,844,7938,67,Superbuilt-up
3 BHK Apartment , Budigere,3,3,1674,5077,85,Built-upArea
3 Bedroom House , Sidihosakote,3,3,1500,4676,85,PlotArea
2 BHK Independent Builder Floor , Sector 2 HSR Layout,2,2,1075,5209,56,CarpetArea
2 BHK Apartment , Ulsoor,2,2,1500,10333,155,CarpetArea
3 BHK Apartment , Whitefield,3,3,1715,6297,108,Superbuilt-up
2 BHK Apartment , HBR Layout,2,2,1005,7761,78,Superbuilt-up
2 BHK Apartment , Sarjapur,2,2,1200,3750,45,Built-upArea
3 BHK Apartment , Jalahalli,3,2,1596,5639,90,Superbuilt-up
2 BHK Apartment , Kengeri,2,2,902,4756,42.9,Superbuilt-up
3 BHK Apartment , Doddagubbi,3,3,1350,5185,70,Superbuilt-up
2 BHK Apartment , Sun City Layout,2,2,1094,8683,95,CarpetArea
3 BHK Apartment , Ramamurthy Nagar,3,2,1750,4114,72,CarpetArea
3 BHK Apartment , Sompura,3,3,1650,5151,85,CarpetArea
3 BHK Apartment , Frazer Town,3,3,1276,7053,90,Superbuilt-up
2 BHK Apartment , Sahakara Nagar,2,2,1170,8120,95,Built-upArea
2 BHK Apartment , 5th Phase JP Nagar,2,2,1195,4602,55,CarpetArea
2 BHK Apartment , Chandapura,2,2,886,3724,33,CarpetArea
2 BHK Apartment , Horamavu Agara,2,2,900,6111,55,CarpetArea
3 BHK Apartment , Sree Narayana Nagar,3,2,1032,5329,55,CarpetArea
2 BHK Apartment , Chandapura,2,2,887,3720,33,CarpetArea
3 BHK Apartment , Whitefield,3,3,1780,6179,110,Superbuilt-up
3 Bedroom House , TC Palaya,3,2,1750,8571,150,PlotArea
3 BHK Apartment , Begur Road,3,3,1850,9730,175,Superbuilt-up
2 BHK Apartment , Bommasandra,2,2,995,4020,38,Superbuilt-up
3 BHK Apartment , Himagiri Meadows,3,3,1327,4898,60,Superbuilt-up
2 BHK Apartment , Vijay Nagar,2,2,1200,5167,69,Superbuilt-up
3 BHK Apartment , Sahakara Nagar,3,2,1399,6075,85,Built-upArea
2 BHK Apartment , Doddathoguru,2,2,953,5246,58.5,Superbuilt-up
2 BHK Apartment , Dollars Colony,2,2,1080,8333,90,Built-upArea
3 BHK Apartment , Garebhavipalya,3,2,1510,10596,160,Superbuilt-up
2 BHK Apartment , Whitefield,2,2,1272,5738,73,Superbuilt-up
2 BHK Apartment , Yelahanka,2,2,1445,6228,90,Built-upArea
3 BHK Apartment , V,3,2,1558,6740,105,Superbuilt-up
2 BHK Apartment , Yelahanka,2,2,1270,5906,75,Superbuilt-up
3 Bedroom House , Hessarghatta,3,4,1500,4166,125,PlotArea
2 BHK Apartment , Anekal,2,2,900,4333,39,CarpetArea
2 BHK Apartment , Tumkur Road,2,2,1297,8018,104,Superbuilt-up
2 BHK Apartment , Sector 7 HSR Layout,2,2,1265,6245,79,Superbuilt-up
2 BHK Apartment , Yelahanka New Town,2,2,1248,5500,68.64,Superbuilt-up
2 BHK Apartment , Thanisandra,2,2,1241,6688,83,Superbuilt-up
2 BHK Apartment , Kanakapura Road,2,2,1067,4967,53,CarpetArea
2 BHK Apartment , Billekahalli,2,2,1405,4412,62,Built-upArea
2 BHK Apartment , 7th Phase JP Nagar,2,2,1160,5172,60,Superbuilt-up
2 BHK Apartment , Chikkalasandra,2,2,1000,6500,65,Superbuilt-up
2 BHK Apartment , Thanisandra,2,2,1098,7741,85,Superbuilt-up
3 BHK Apartment , Yelahanka,3,2,1065,7042,75,Built-upArea
3 BHK Apartment , BSF STS MAIN ROAD,3,2,1250,4000,50,CarpetArea
2 BHK Apartment , Sahakara Nagar,2,2,1170,8119,95,Superbuilt-up
3 BHK Apartment , Jakkur,3,3,1773,8888,120,Superbuilt-up
2 BHK Apartment , Arekere,2,2,1324,6948,92,CarpetArea
2 BHK Apartment , Tumkur Road,2,2,1073,7362,79,Superbuilt-up
3 BHK Apartment , Peenya,3,2,1600,5625,90,Superbuilt-up
3 BHK Apartment , Indira Nagar,3,2,1275,9411,120,Built-upArea
2 BHK Apartment , 9th Phase JP Nagar,2,2,800,4375,35,Superbuilt-up
3 BHK Apartment , Annasandrapalya Extension,3,2,1295,6177,80,Built-upArea
3 BHK Apartment , Devarabisanahalli,3,3,1808,10785,195,CarpetArea
2 BHK Apartment , Basavangudi,2,2,1282,8970,115,CarpetArea
2 BHK Independent Builder Floor , Whitefield,2,2,1325,4600,60.95,Superbuilt-up
2 BHK Apartment , Whitefield,2,2,1140,5964,68,CarpetArea
3 BHK Apartment , BTM Layout,3,2,1500,6600,99,CarpetArea
3 BHK Independent Builder Floor , Banashankari Stage 2,3,3,1800,10277,185,Superbuilt-up
2 BHK Apartment , Kodigehalli,2,2,1170,5769,66,Superbuilt-up
3 BHK Apartment , Doddathoguru,3,3,1695,3952,67,Superbuilt-up
3 BHK Apartment , Vidyaranyapura,3,3,1980,5858,116,Superbuilt-up
3 BHK Apartment , Seegehalli,3,3,1227,4277,52.49,CarpetArea
2 BHK Apartment , Kasavanhalli,2,2,1255,7968,100,Superbuilt-up
3 BHK Apartment , Hegde Nagar,3,3,1569,7648,120,Superbuilt-up
3 BHK Apartment , Byrasandra,3,3,2000,4250,85,CarpetArea
3 BHK Independent Builder Floor , Bommanahalli,3,3,1900,4736,90,CarpetArea
3 BHK Apartment , 5th Phase JP Nagar,3,2,1420,5422,77,Superbuilt-up
3 BHK Apartment , Yelahanka,3,2,1448,6215,90,Superbuilt-up
3 Bedroom House , Dodda Hagade,3,3,1555,3857,59.99,PlotArea
2 BHK Apartment , Sarvabhouma Nagar,2,2,1010,5148,52,CarpetArea
2 BHK Apartment , Vidyaranyapura,2,2,1120,5178,55,Built-upArea
3 BHK Apartment , Medahalli,3,2,1400,4642,65,Built-upArea
2 BHK Apartment , Anekal,2,2,850,6470,55,CarpetArea
1 BHK Apartment , Yelahanka,1,1,595,9243,55,Superbuilt-up
2 BHK Apartment , Kurudusonnenahalli,2,2,1035,4251,44,Superbuilt-up
3 BHK Apartment , Marathahalli,3,3,1460,6849,100,CarpetArea
2 BHK Apartment , Chelekare,2,2,1090,5963,65,CarpetArea
2 BHK Apartment , Anekal,2,2,901,4328,39,CarpetArea
3 BHK Apartment , Tumkur Road,3,3,1702,8519,145,CarpetArea
2 BHK Apartment , Gollarapalya Hosahalli,2,2,1060,4245,45,Superbuilt-up
2 BHK Apartment , Rajarajeshwari Nagar,2,2,1150,4782,55,Superbuilt-up
3 Bedroom House , Kenchenahalli,3,3,750,11333,85,PlotArea
2 BHK Apartment , Ramamurthy Nagar,2,2,1080,5833,63,Superbuilt-up
3 BHK Apartment , Bellandur,3,3,1793,5131,92,Superbuilt-up
3 BHK Apartment , S,3,3,1405,4625,65,Superbuilt-up
2 BHK Apartment , Sanjay nagar,2,2,1008,6448,62,Superbuilt-up
2 BHK Apartment , Padmanabhanagar,2,2,900,6333,57,Superbuilt-up
2 BHK Apartment , Old Madras Road,2,2,764,11125,85,CarpetArea
3 BHK Independent Builder Floor , Banashankari,3,2,1255,6294,79,CarpetArea
2 BHK Apartment , Begur,2,2,1020,4313,44,Superbuilt-up
2 BHK Apartment , S,2,2,1200,5000,54,Superbuilt-up
1 BHK Apartment , Sonnenahalli,1,1,650,7692,50,Superbuilt-up
2 BHK Apartment , Yelachenahalli,2,2,1200,3750,45,CarpetArea
2 BHK Apartment , Padmanabhanagar,2,2,1100,4545,50,CarpetArea
3 BHK Apartment , Electronics City Phase 1,3,2,1500,4800,72,Superbuilt-up
3 BHK Independent Builder Floor , Basaveshwara Nagar,3,3,1800,6111,110,Built-upArea
2 BHK Independent Builder Floor , Rustam Bagh Layout,2,2,1264,6500,66,Built-upArea
2 BHK Apartment , Old Madras Road,2,2,1171,7344,86,Superbuilt-up
2 BHK Apartment , 5th Phase JP Nagar,2,2,1075,5302,57,Superbuilt-up
3 BHK Apartment ," Bhuvaneshwari Nagar, NH7",3,2,1380,5072,70,Built-upArea
2 BHK Apartment ," Bhuvaneshwari Nagar, NH7",2,2,1100,5000,55,Built-upArea
3 BHK Apartment , Devanahalli,3,2,1150,5739,66,CarpetArea
3 BHK Apartment , Bommasandra,3,3,1325,3735,49.5,Built-upArea
2 BHK Apartment , Doddakannelli,2,2,1070,4859,52,CarpetArea
2 BHK Apartment , Electronics City Phase 1,2,1,770,5584,43,Built-upArea
2 BHK Apartment , Vijayanagar,2,2,921,5537,51,CarpetArea
3 BHK Apartment ," Bhuvaneswari Nagar, NH7",3,2,1380,4710,65,Built-upArea
2 BHK Apartment , Anekal,2,1,620,3548,22,Built-upArea
2 BHK Apartment , Electronics City Phase 1,2,2,1050,5523,58,CarpetArea
2 BHK Apartment , Shree Ananth Nagar Layout,2,2,1250,3600,45,CarpetArea
2 BHK Apartment , Balagere,2,2,1235,6963,86,Superbuilt-up
2 BHK Apartment , Electronic City,2,2,1200,3583,43,CarpetArea
2 BHK Independent Builder Floor , Hebbal,2,2,1100,4090,45,Superbuilt-up
3 BHK Apartment , Electronic City,3,3,1275,5568,71,Superbuilt-up
2 Bedroom House , Ramanagara,2,1,1500,4600,69,PlotArea
2 BHK Apartment , Bellandur,2,2,1309,7448,92,Superbuilt-up
2 BHK Apartment , Margondanahalli,2,2,830,4100,34,Built-upArea
2 BHK Apartment , Tumkur Road,2,2,1058,8000,85,Superbuilt-up
3 BHK Apartment , Vasanth nagar,3,3,1405,11032,155,Built-upArea
2 BHK Apartment , Bellandur,2,2,1067,7122,76,CarpetArea
2 BHK Apartment , Anekal,2,1,620,3225,20,CarpetArea
3 BHK Apartment , Konanakunte,3,3,1563,6589,103,Superbuilt-up
2 BHK Apartment , Uttarahalli,2,2,1020,5686,58,Superbuilt-up
2 Bedroom House , TC Palaya,2,2,900,8333,79,PlotArea
3 BHK Apartment , Doddaballapur Road,3,2,1075,3906,42,Built-upArea
3 BHK Apartment , Rajarajeshwari Nagar,3,3,1730,6936,120,Superbuilt-up
2 BHK Apartment , 7th Phase JP Nagar,2,2,1365,8571,117,Superbuilt-up
2 BHK Apartment , JP Nagar,2,2,1300,10384,135,Superbuilt-up
3 BHK Apartment , Tejasw,3,2,1002,6000,58,Superbuilt-up
2 BHK Apartment , Varthur,2,2,1220,7049,86,Superbuilt-up
2 BHK Apartment , Jigani,2,2,795,5031,40,Superbuilt-up
2 BHK Apartment , Gubbalala,2,2,825,6266,51.7,CarpetArea
2 BHK Apartment , Attibele,2,2,1350,3481,45,Superbuilt-up
2 BHK Apartment , Begur Road,2,2,1353,4470,54,Built-upArea
2 BHK Apartment , Kodigehalli,2,2,1120,4910,55,CarpetArea
2 BHK Apartment , Thubarahalli,2,2,1170,5555,65,Superbuilt-up
2 BHK Apartment , Kanakapura Road,2,2,1083,6000,63,Built-upArea
2 BHK Apartment , Electronic City Phase 2,2,2,1235,5506,68,Superbuilt-up
2 BHK Apartment , Electronic City,2,2,825,2666,22,Superbuilt-up
2 BHK Apartment , Kaggadasapura,2,2,1149,5657,65,Built-upArea
2 BHK Apartment , Sarjapur Road,2,2,1144,6993,80,Superbuilt-up
3 BHK Apartment , Surabhi Layout,3,2,1275,5235,66.75,Built-upArea
2 BHK Apartment , Jigani,2,2,796,5025,40,Superbuilt-up
1 BHK Apartment , Iggalur,1,2,640,3125,20,Superbuilt-up
2 BHK Apartment , Electronic City,2,2,1005,4378,45,CarpetArea
2 BHK Apartment , Kundalahalli,2,2,1301,7302,95,Superbuilt-up
3 BHK Apartment , Uttarahalli,3,2,1350,5481,74,Superbuilt-up
2 BHK Apartment , RT Nagar,2,2,1192,6040,72,Built-upArea
2 BHK Apartment , Electronic City,2,2,1221,7616,88,Superbuilt-up
1 BHK Apartment , Kogilu,1,1,1005,4875,49,Superbuilt-up
4 BHK Apartment , Shikaripalya,4,3,1900,4731,89.9,Built-upArea
2 BHK Apartment , Devarachikkanahalli,2,2,1332,6156,78,Superbuilt-up
3 BHK Apartment , Whitefield,3,3,1453,5505,80,Superbuilt-up
2 BHK Apartment , Gov,2,2,1311,6107,80,Superbuilt-up
2 BHK Apartment , Electronic City,2,2,895,5195,46.5,Superbuilt-up
2 BHK Apartment , Sector 2 HSR Layout,2,2,1277,5403,69,Superbuilt-up
2 BHK Apartment , Devanahalli,2,2,950,8885,51,Superbuilt-up
3 BHK Apartment , 5th Phase JP Nagar,3,3,1050,5523,58,CarpetArea
2 BHK Apartment , Electronics City Phase 1,2,2,1050,2761,29,CarpetArea
3 BHK Apartment , Rajarajeshwari Nagar,3,3,1680,6666,100,Superbuilt-up
2 BHK Apartment , Kasavanhalli,2,2,1100,6500,65,Superbuilt-up
2 BHK Apartment , Thanisandra,2,2,1080,8789,94.93,CarpetArea
2 BHK Apartment , Kanakapura,2,2,901,7103,64,Superbuilt-up
2 BHK Apartment , Anjanapura,2,2,960,4166,40,Superbuilt-up
2 BHK Apartment , Ramamurthy Nagar,2,2,1188,6018,65,Superbuilt-up
2 BHK Apartment , 9th Phase JP Nagar,2,1,800,4000,32,Built-upArea
2 BHK Apartment , Bannerghatta Road,2,2,1145,5414,55,Superbuilt-up
4 BHK Apartment , RR Nagar,4,3,1500,4333,65,Superbuilt-up
3 BHK Apartment , Brookefield,3,3,1505,6378,96,Built-upArea
3 Bedroom House , Bellandur,3,3,1200,6706,80.47,PlotArea
2 Bedroom House , Whitefield,2,2,1200,3125,37.5,PlotArea
3 Bedroom House , Whitefield,3,3,1200,4750,57,PlotArea
1 Bedroom House , Nelmangala RTO Driv,1,1,1200,5000,60,PlotArea
3 Bedroom House , Bidarahalli,3,2,1200,5333,64,PlotArea
2 BHK Apartment , Akshayanagara East,2,2,1180,3305,39,Superbuilt-up
3 BHK Apartment , Jakkur,3,3,1760,7386,130,Superbuilt-up
3 BHK Apartment , Sonnenahalli,3,3,1650,8000,132,Superbuilt-up
2 BHK Apartment , Shree Ananth Nagar Layout,2,2,900,7222,65,CarpetArea
2 BHK Apartment , Dodda Nekkundi Extension,2,2,1349,6745,91,Built-upArea
3 BHK Apartment , ITI Layout,3,3,1540,8441,130,Superbuilt-up
2 BHK Apartment , Sector 7,2,2,1200,6250,75,Superbuilt-up
2 BHK Apartment , Basavanapura,2,2,1188,6313,75,Superbuilt-up
3 BHK Apartment , Kanakapura Road,3,3,1843,6782,125,Superbuilt-up
3 BHK Apartment , Whitefield,3,3,1564,9271,145,Built-upArea
2 BHK Apartment , Gollahalli,2,2,1395,5376,75,Superbuilt-up
3 BHK Apartment , Alfa Gardens,3,3,1875,5067,95,Built-upArea
2 BHK Apartment , Basaveshwara Nagar,2,2,1000,6000,60,CarpetArea
3 BHK Independent Builder Floor , 5th Phase JP Nagar,3,3,1700,7059,120,Built-upArea
2 BHK Apartment , Bannerghatta Road,2,2,900,3555,32,Superbuilt-up
2 BHK Apartment , Bannerghatta Road,2,2,949,5555,50,Superbuilt-up
2 BHK Apartment , Jakkur,2,2,1301,5380,70,Superbuilt-up
3 BHK Apartment , 9th Phase JP Nagar,3,2,1855,5121,95,Superbuilt-up
2 BHK Apartment , Canara Bank Layout,2,2,1080,5092,55,CarpetArea
3 BHK Apartment , Budigere Cross,3,3,1697,6482,110,Superbuilt-up
2 BHK Apartment , BTM Layout,2,2,1200,5416,65,Superbuilt-up
3 BHK Independent Builder Floor , 8th Phase JP Nagar,3,2,1335,7440,100,CarpetArea
2 BHK Apartment , Talacauvery Layout,2,2,1420,7042,100,Superbuilt-up
1 BHK Apartment , Harsha Layout,1,1,520,3269,17,CarpetArea
2 BHK Apartment , Kadugodi,2,2,1250,6800,85,CarpetArea
2 BHK Apartment , Kereguddadahalli,2,2,1000,4000,40,Superbuilt-up
3 Bedroom House , Sarjapur,3,3,1200,6704,80.45,PlotArea
3 BHK Apartment , Chandapura,3,3,1760,2840,50,Superbuilt-up
2 BHK Apartment , Sanjay nagar,2,2,850,7059,60,Built-upArea
3 BHK Apartment , Tumkur Road,3,3,1395,3943,55,Built-upArea
3 BHK Apartment , Arekere,3,3,1355,6494,88,Superbuilt-up
2 BHK Apartment , Hebbal,2,2,1270,9527,121,Superbuilt-up
2 BHK Apartment , Electronics City Phase 1,2,2,1200,6000,70,Superbuilt-up
2 Bedroom House , Kengeri,2,2,1200,5300,63.6,PlotArea
2 BHK Apartment , Panathur,2,2,1220,6147,75,Superbuilt-up
1 BHK Apartment , Tumkur Road,1,1,607,9225,56,Superbuilt-up
3 BHK Apartment , Yelahanka,3,3,1705,6392,109,Superbuilt-up
2 BHK Apartment , Sarjapur Road,2,2,915,2950,27,Built-upArea
2 BHK Apartment , Kadugodi,2,2,955,6806,65,Superbuilt-up
3 BHK Apartment , Thanisandra,3,3,1853,6500,149,CarpetArea
1 BHK Apartment , Panathur,1,1,651,7680,50,Superbuilt-up
2 BHK Apartment , Sarjapur Road,2,2,1016,5905,60,Superbuilt-up
2 BHK Apartment , Electronics City Phase 1,2,2,1170,5982,70,Built-upArea
1 BHK Apartment , Devanahalli,1,1,1150,5217,60,CarpetArea
2 BHK Apartment , Amarjyothi Layout,2,2,959,9384,90,CarpetArea
2 BHK Apartment , Bhoopsandra,2,2,1080,5740,62,Built-upArea
2 BHK Apartment , Tumkur Road,2,2,1035,3768,39,Superbuilt-up
2 BHK Apartment , Devanahalli,2,2,1280,4257,54.5,Superbuilt-up
2 BHK Apartment , Hoskote,2,2,1065,3004,32,Superbuilt-up
2 BHK Apartment , Electronic City,2,2,858,4428,36,Superbuilt-up
3 BHK Apartment , Rajarajeswar,3,3,1600,6250,100,Built-upArea
3 BHK Apartment , RT Nagar,3,3,1505,6511,98,Superbuilt-up
3 BHK Apartment , Kogilu,3,2,1500,8333,125,Superbuilt-up
2 BHK Apartment , Banashankari,2,2,996,4016,40,CarpetArea
3 BHK Apartment , Sarjapur,3,2,1087,6439,70,Superbuilt-up
3 BHK Apartment , 8th Phase JP Nagar,3,3,1580,3797,60,Superbuilt-up
2 BHK Apartment , Basapura,2,2,1116,6720,75,Superbuilt-up
2 BHK Apartment , Whitefield,2,2,1050,5238,55,Built-upArea
2 BHK Apartment , Attibele,2,2,1190,4789,57,CarpetArea
1 Bedroom House , Kengeri,1,1,1200,3250,39,PlotArea
3 BHK Apartment , Varthur Road,3,3,1700,8235,140,CarpetArea
3 BHK Apartment , Bellandur,3,2,1455,8247,120,CarpetArea
3 BHK Apartment , Whitefield,3,2,1280,4296,55,Superbuilt-up
3 BHK Apartment , Doddakallasandra,3,2,1300,5769,75,Superbuilt-up
3 BHK Independent Builder Floor , ISRO Layout,3,3,2000,8250,165,Built-upArea
2 BHK Apartment , Hoskote,2,2,741,4183,31,Superbuilt-up
3 BHK Apartment , Yelahanka,3,2,1075,4186,45,Superbuilt-up
2 BHK Apartment , Bennigana Halli,2,2,1063,4045,43,CarpetArea
2 BHK Apartment , Varthur Road,2,2,1215,6008,73,Superbuilt-up
3 BHK Apartment , Electronics City Phase 1,3,2,1515,6468,98,Built-upArea
3 BHK Apartment , Panathur,3,3,1650,10606,175,Superbuilt-up
2 BHK Apartment , Jakkur,2,2,1225,6122,75,Superbuilt-up
3 BHK Apartment , Vishwapriya Nagar,3,3,1625,5846,95,CarpetArea
4 Bedroom House , Sarjapur Road,4,3,2000,7000,140,PlotArea
2 BHK Apartment , Neeladri Nagar,2,2,1163,4471,52,CarpetArea
2 BHK Apartment , Gottigere,2,2,1010,4752,48,CarpetArea
2 BHK Apartment , Tumkur Road,2,2,961,8532,82,Superbuilt-up
2 BHK Apartment , Kadugodi,2,2,1273,3927,50,CarpetArea
2 BHK Apartment , Malleshpalya,2,2,850,4941,42,CarpetArea
2 Bedroom House , Bangalore Hyderabad Road,2,3,1300,4769,62,PlotArea
2 BHK Apartment , Sarjapur Road,2,1,509,4518,23,Superbuilt-up
2 BHK Apartment , Hosapalya,2,2,1075,5209,56,Superbuilt-up
2 BHK Apartment , Chandapura,2,2,792,2904,23,Superbuilt-up
3 Bedroom House , maruth,3,2,1800,4388,79,PlotArea
4 Bedroom House , Prashanth Nagar,4,2,1392,11135,155,PlotArea
2 BHK Apartment , Kattigenahalli,2,2,1285,4280,55,Superbuilt-up
2 BHK Apartment , SR Layout,2,2,986,5882,58,Superbuilt-up
3 BHK Apartment , Marsur,3,2,1025,3317,34,Superbuilt-up
1 BHK Independent Builder Floor , Bannerghatta Road,1,1,750,8666,65,Superbuilt-up
3 BHK Apartment , Varthur Road,3,2,1200,8333,100,CarpetArea
2 BHK Apartment , Marsur,2,2,691,3907,27,CarpetArea
3 BHK Apartment , Hebbal,3,3,1330,7142,95,Superbuilt-up
2 BHK Apartment , Pragathi Nagar,2,2,1280,4140,53,Superbuilt-up
2 BHK Apartment , Old Madras Road,2,2,936,5662,53,Superbuilt-up
2 BHK Apartment , Mysore Road,2,2,1180,9745,115,CarpetArea
3 BHK Apartment , Horamavu,3,2,1375,5090,70,Superbuilt-up
2 BHK Apartment , Hoodi,2,2,1000,6000,60,CarpetArea
2 BHK Apartment , Begur Road,2,2,1260,7539,95,Superbuilt-up
2 BHK Independent Builder Floor , Muthanallur,2,2,1153,3295,38,CarpetArea
3 BHK Independent Builder Floor , Hosur Road,3,2,1520,9868,150,Built-upArea
3 BHK Independent Builder Floor , Yelahanka,3,2,1116,7796,87,Built-upArea
3 BHK Apartment , BTM 2nd Stage,3,3,1510,7285,110,Built-upArea
2 BHK Apartment , Electronic City,2,2,1145,4235,48.5,Built-upArea
1 BHK Independent Builder Floor , Prestige Lakeridge,1,1,661,8775,58,Built-upArea
2 BHK Apartment , Sarjapur,2,2,1032,4941,51,CarpetArea
2 BHK Independent Builder Floor , Basavangudi,2,2,750,10000,75,Built-upArea
2 BHK Apartment , Mallasandra,2,2,1309,7639,100,Built-upArea
2 BHK Independent Builder Floor , Kasturi Nagar,2,2,1214,6837,83,Built-upArea
2 BHK Apartment , Vidyaranyapura,2,2,1260,4365,55,Built-upArea
2 BHK Apartment , JP Nagar,2,2,1190,7983,95,Built-upArea
2 BHK Apartment , Bannerghatta Road,2,2,797,5897,47,Built-upArea
3 BHK Apartment , Sonnenahalli,3,3,1650,7878,130,Superbuilt-up
2 Bedroom House , 5th Phase JP Nagar,2,1,600,10000,60,PlotArea
2 BHK Apartment , Kanakapura Road,2,2,1000,4500,45,Built-upArea
2 BHK Apartment , JP Nagar,2,2,1080,6944,75,Built-upArea
2 BHK Apartment , Mysore Road,2,2,1074,7262,78,Superbuilt-up
3 BHK Apartment , Sompura,3,2,1217,5094,62,Superbuilt-up
2 BHK Apartment , Ramagondanahalli,2,2,1115,5201,58,Superbuilt-up
2 BHK Apartment , Tumkur Road,2,2,968,7747,75,Superbuilt-up
3 BHK Apartment , Subramanyapura,3,3,1278,5868,75,Superbuilt-up
2 BHK Apartment , Rajarajeshwari Nagar 5th Stage,2,2,1080,4814,52,Superbuilt-up
2 BHK Apartment , Tata Nagar,2,2,1124,6227,70,Superbuilt-up
4 Bedroom House , Chandapura,4,4,1500,10000,150,PlotArea
2 BHK Apartment , Sarjapur Road,2,2,1100,5454,60,Superbuilt-up
2 BHK Apartment , Kaggadasapura,2,2,1500,3333,50,Superbuilt-up
2 BHK Apartment , Margondanahalli,2,2,1140,5526,63,Superbuilt-up
2 BHK Apartment , Gottigere,2,2,768,3906,30,Superbuilt-up
2 BHK Apartment , Kogilu,2,2,1000,7000,70,Superbuilt-up
3 BHK Independent Builder Floor , Kaggadasapura,3,2,1216,4950,60,Built-upArea
2 BHK Apartment , Versova Layout,2,2,1050,4762,50,Built-upArea
3 BHK Apartment , Chandra Layout,3,2,1200,5833,70,CarpetArea
2 BHK Apartment , Padmanabhanagar,2,2,900,5527,49.75,CarpetArea
2 BHK Apartment , Varthur,2,2,860,5232,45,Superbuilt-up
3 BHK Apartment , Marathahalli,3,2,1492,7037,105,Superbuilt-up
2 BHK Apartment , Gottigere,2,2,903,4318,39,Superbuilt-up
3 BHK Apartment , Electronic City,3,2,1250,4640,58,Built-upArea
3 BHK Apartment , ITPL,3,2,943,7423,72,CarpetArea
2 BHK Apartment , Vignana Nagar,2,2,861,5574,48,Built-upArea
4 Bedroom House , Kengeri Satellite Town Stage 1,4,4,1200,8333,100,PlotArea
2 BHK Apartment , Hebbal,2,2,1250,4000,50,Superbuilt-up
2 BHK Apartment , RT Nagar,2,2,1050,4952,52,Superbuilt-up
1 Bedroom House , S,1,1,700,6714,47,PlotArea
3 BHK Apartment , Mallasandra,3,3,1843,6511,120,CarpetArea
3 BHK Apartment , KR Puram,3,3,1945,4884,95,Superbuilt-up
3 BHK Apartment , Nagondanahalli,3,3,1620,5850,94.77,Superbuilt-up
3 BHK Apartment , Marathahalli,3,2,1492,7037,105,CarpetArea
2 BHK Apartment , Vijayanagar,2,2,1000,6500,65,Built-upArea
2 BHK Apartment , Cox Town,2,2,1325,5660,75,Superbuilt-up
2 BHK Apartment , Gottigere,2,2,1323,4913,65,Built-upArea
1 BHK Independent Builder Floor , Akshayanagar,1,1,1200,4166,50,Built-upArea
4 BHK Apartment , Electronics City Phase 1,4,3,1900,4732,89.9,Built-upArea
2 BHK Apartment , Chikkalasandra,2,2,1250,5120,64,CarpetArea
2 BHK Apartment , Green Glen Layout,2,2,1100,5000,55,Superbuilt-up
3 BHK Apartment , Pantharapalya,3,2,1568,8290,130,Superbuilt-up
3 BHK Apartment , Electronic City Phase 2,3,2,1367,5486,75,Superbuilt-up
1 BHK Apartment , TC Palaya,1,1,562,4448,25,CarpetArea
2 BHK Apartment , Kasavanhalli,2,2,1180,6271,74,Built-upArea
3 BHK Apartment , 2nd Stage Nagarbhavi,3,2,1300,6923,90,Built-upArea
2 BHK Apartment , Hennur Road,2,2,910,3626,33,Superbuilt-up
2 BHK Apartment , Hennur Bande,2,2,850,4352,37,CarpetArea
3 BHK Apartment , Sarjapur Road,3,3,1100,4090,45,CarpetArea
2 BHK Apartment , Hennur Road,2,2,1200,7916,95,Built-upArea
3 BHK Apartment , Thanisandra,3,3,1735,5994,104,Superbuilt-up
2 BHK Apartment , Arkavathy Layout,2,2,1088,4780,52,Built-upArea
2 BHK Apartment , Horamavu Agara,2,2,1088,5000,57,Built-upArea
2 BHK Apartment , Arkavathy Layout,2,2,1135,3524,40,Built-upArea
2 BHK Apartment , Horamavu Agara,2,2,1125,3733,42,Superbuilt-up
2 BHK Apartment , Kundalahalli,2,2,1145,10043,115,Superbuilt-up
3 BHK Apartment , Electronic City,3,2,1260,4761,60,Superbuilt-up
3 BHK Independent Builder Floor , ITPL,3,3,1148,6533,75,Built-upArea
2 BHK Independent Builder Floor , Atmananda Colony,2,2,995,10050,100,Superbuilt-up
1 BHK Apartment , Kudlu,1,1,720,4861,35,CarpetArea
3 BHK Apartment , 3rd Block Jayanagar,3,3,1300,6153,80,Superbuilt-up
2 BHK Apartment , 8th Phase JP Nagar,2,2,1000,5000,50,Superbuilt-up
3 BHK Apartment , Jakkur,3,3,1687,7185,125,Superbuilt-up
2 BHK Apartment , Jayanagar,2,2,1273,6284,80,Superbuilt-up
3 Bedroom House , Sri Balaji Krupa Layout,3,3,1530,7516,115,PlotArea
2 BHK Apartment , Kammanahalli,2,2,915,5464,50,Superbuilt-up
2 Bedroom House , Kithaganur,2,2,1531,7838,120,PlotArea
2 BHK Apartment , Hulimavu,2,2,1169,6421,68,Superbuilt-up
2 BHK Apartment , Yelahanka,2,2,1155,5627,65,Superbuilt-up
3 BHK Apartment , Sarjapur,3,1,1413,4975,70.3,Built-upArea
2 BHK Apartment , Electronic City Phase 2,2,2,1210,4628,56,Built-upArea
2 BHK Apartment , Sarjapur Road,2,2,1140,3816,43.5,Built-upArea
2 BHK Apartment , Battarahalli,2,2,1000,4200,42,Built-upArea
2 BHK Apartment , Kengeri,2,2,1210,4793,58,CarpetArea
2 BHK Apartment , 6th Phase JP Nagar,2,2,1100,3636,40,Superbuilt-up
2 BHK Apartment , KR Puram,2,2,1198,8000,96,Superbuilt-up
2 BHK Apartment , Electronics City Phase 1,2,2,1105,5248,58,Superbuilt-up
3 BHK Apartment , Yelahanka,3,2,1075,3534,38,Superbuilt-up
2 BHK Apartment , Bannerghatta Road,2,2,1188,7154,85,Built-upArea
1 BHK Apartment , Pramod Layout,1,1,600,5833,35,CarpetArea
3 BHK Apartment , Devanahalli,3,2,1200,5583,67,Built-upArea
3 BHK Apartment , Horamavu,3,2,1440,5902,85,Superbuilt-up
3 BHK Apartment , Gottigere,3,2,1380,6429,90,CarpetArea
2 BHK Apartment , Agrahara Badavane,2,2,1278,6964,89,Superbuilt-up
2 BHK Apartment , KR Puram,2,2,1200,5166,62,CarpetArea
3 BHK Apartment , Banashankari,3,3,2000,6250,125,Built-upArea
2 BHK Apartment , Begur,2,2,918,7407,68,Built-upArea
1 Bedroom House , Hancharahalli Village,1,1,1200,5000,60,Built-upArea
2 BHK Independent Builder Floor , Dodda Bomma Sandra,2,2,950,5578,52.99,Built-upArea
2 BHK Apartment , Garvebhavi Palya,2,2,1100,4545,50,Built-upArea
2 BHK Apartment , Seegehalli,2,2,1345,6691,90,Superbuilt-up
2 BHK Apartment , Whitefield,2,2,1245,7630,95,Superbuilt-up
3 BHK Apartment , Rayasandra,3,3,1606,7907,127,Superbuilt-up
2 BHK Apartment , Chandapura,2,1,750,2933,22,Superbuilt-up
2 BHK Apartment , Chandapura,2,2,1064,3383,36,CarpetArea
3 BHK Apartment , CV Raman Nagar,3,2,1360,4411,60,Superbuilt-up
2 BHK Apartment , Kanakapura Road,2,2,1090,7339,80,Built-upArea
2 BHK Apartment ," Yelahanka,isro layout",2,2,1040,3653,38,Superbuilt-up
2 BHK Apartment , Venkatadri Layout,2,2,1152,5642,65,Built-upArea
2 BHK Apartment , Kalena Agrahara,2,2,1140,3947,45,CarpetArea
2 BHK Apartment , Akshaya Nagar,2,2,1292,5417,70,Superbuilt-up
2 BHK Apartment , Whitefield,2,2,800,7000,56,CarpetArea
2 BHK Apartment , 5th Phase JP Nagar,2,2,1250,6000,75,CarpetArea
2 BHK Apartment , Arkavathy Layout,2,2,1012,3952,40,Built-upArea
2 BHK Apartment , Arkavathy Layout,2,2,1135,3612,41,Built-upArea
2 BHK Apartment , Horamavu Agara,2,2,1260,2777,35,Built-upArea
2 BHK Apartment , Horamavu Agara,2,2,1120,3571,40,Built-upArea
2 BHK Apartment , Horamavu Agara,2,2,1310,3282,43,Built-upArea
2 BHK Apartment , Horamavu Agara,2,2,1075,3441,37,Built-upArea
2 BHK Apartment , Horamavu,2,2,1165,3433,40,Superbuilt-up
2 BHK Apartment , Horamavu,2,2,1205,3236,39,Built-upArea
2 BHK Apartment , Prashanth Nagar,2,2,1355,6642,90,Superbuilt-up
3 BHK Apartment , Nagarbhavi,3,3,1667,8998,150,Superbuilt-up
2 BHK Apartment , Siddanna Layout,2,2,1500,6333,95,Superbuilt-up
3 BHK Apartment , Mahadevpura,3,3,1805,6925,125,Superbuilt-up
2 BHK Apartment , Coffee Board Layout,2,2,1150,3652,42,CarpetArea
2 BHK Apartment , Bhoganhalli,2,2,1100,5727,63,CarpetArea
2 BHK Apartment , Arkavathy Layout,2,2,1200,5833,70,Superbuilt-up
2 BHK Apartment , Vidyaranyapura,2,1,800,4875,39,CarpetArea
2 BHK Apartment , Chambenahalli,2,2,1025,4975,51,Superbuilt-up
3 BHK Apartment , Dodda Banaswadi,3,2,1400,7857,110,Superbuilt-up
2 BHK Apartment , RT Nagar,2,2,1240,3951,49,Built-upArea
3 BHK Apartment , Yelahanka,3,2,1075,3907,40,Built-upArea
3 BHK Independent Builder Floor , Tata Nagar,3,2,1242,5636,70,Built-upArea
3 BHK Apartment , Munnekollal,3,2,1541,6489,100,Built-upArea
1 BHK Independent Builder Floor , Electronic City Phase II,1,1,800,7125,57,Built-upArea
2 BHK Apartment , Electronics City Phase 1,2,2,850,2823,24,Superbuilt-up
2 BHK Apartment , KR Puram,2,2,1056,3314,35,Superbuilt-up
2 BHK Apartment , Doddakannelli,2,2,1190,5798,69,CarpetArea
2 BHK Apartment , Kadugodi,2,2,1376,5813,80,Superbuilt-up
3 BHK Apartment , Yeshwanthpur,3,3,1699,10888,185,Superbuilt-up
2 BHK Apartment , New Gurappana Palya,2,2,988,5800,57,CarpetArea
2 BHK Apartment , BSM Extension,2,2,865,4219,36.5,Superbuilt-up
2 BHK Apartment , Ayyappa Nagar,2,2,1110,4459,49.5,Superbuilt-up
3 Bedroom House , Whitefield,3,4,2000,11500,230,PlotArea
3 BHK Apartment , Kereguddadahalli,3,3,1425,3859,55,Superbuilt-up
3 BHK Apartment , Panduranga Nagar,3,2,1320,4545,51,Superbuilt-up
2 BHK Apartment , BTM Layout,2,2,1150,6956,80,Built-upArea
2 BHK Apartment , Chandapura,2,2,816,3676,30,Superbuilt-up
2 BHK Apartment , Mahadevpura,2,2,1532,3590,55,Superbuilt-up
2 BHK Apartment , Nagondanahalli,2,2,1145,6637,76,Superbuilt-up
4 Bedroom House , Sarjapur Road,4,3,1750,8000,140,PlotArea
2 BHK Apartment , KR Puram,2,2,1150,4173,48,Superbuilt-up
3 BHK Apartment , 3rd Block HBR Layout,3,3,2000,6500,130,CarpetArea
2 BHK Apartment , Whitefield,2,2,800,5625,45,CarpetArea
1 BHK Apartment , Byagadadhenahalli,1,2,465,2903,13.5,Superbuilt-up
2 BHK Apartment , Bommasandra,2,2,1000,3300,33,CarpetArea
3 BHK Apartment , HBR Layout,3,3,1400,6428,90,Superbuilt-up
2 BHK Apartment , Srirampuram,2,2,1041,6724,70,CarpetArea
3 BHK Independent Builder Floor , Uttarahalli,3,2,1320,4924,65,Built-upArea
2 BHK Apartment , Bannerghatta,2,2,1191,5038,60,Built-upArea
3 BHK Apartment , Yelahanka New Town,3,3,1495,4548,68,Built-upArea
2 BHK Apartment , Bhuvanagiri,2,2,1200,8750,105,Built-upArea
2 BHK Apartment , New Timber Yard Layout,2,2,1207,6793,82,CarpetArea
2 BHK Independent Builder Floor , Begur Koppa Road,2,2,1036,5405,56,Built-upArea
2 BHK Independent Builder Floor , Vivartha Magan,2,2,1275,4078,52,Built-upArea
2 BHK Independent Builder Floor , Mallathahalli,2,2,950,7895,75,Built-upArea
1 BHK Apartment , Bagalur,1,1,596,2852,17,Built-upArea
2 BHK Apartment , Electronic City,2,2,1346,3640,49,Superbuilt-up
2 BHK Apartment , Roopena Agrahara,2,2,1155,5194,60,Superbuilt-up
3 BHK Apartment , Yeshwanthpur,3,3,1693,9155,155,Superbuilt-up
3 BHK Apartment , Yelahanka,3,2,950,5789,55,CarpetArea
2 BHK Apartment , Choodasandra,2,2,1150,6521,75,CarpetArea
2 BHK Apartment , Kodigehalli,2,2,935,6096,57,Superbuilt-up
2 BHK Apartment , Medahalli,2,2,980,5612,55,Superbuilt-up
3 BHK Apartment , Uttarahalli,3,2,1300,4769,62,CarpetArea
3 BHK Apartment , Budigere Cross,3,2,1055,7109,75,Superbuilt-up
2 BHK Apartment , Varthur,2,2,840,4650,39.06,Superbuilt-up
2 BHK Apartment , Sompura,2,2,1050,3238,34,Superbuilt-up
2 BHK Apartment , Akshayanagara East,2,2,1322,5446,72,Superbuilt-up
3 BHK Apartment , Gov,3,3,1713,6421,110,Superbuilt-up
2 BHK Apartment , Kanakapura Road,2,2,900,8888,80,Superbuilt-up
2 BHK Apartment , Rajarajeshwari Nagar,2,2,1030,3689,38,CarpetArea
3 BHK Apartment , Sector 1 HSR Layout,3,2,1388,6123,85,Superbuilt-up
1 BHK Apartment , Kogilu,1,1,589,5857,34.5,CarpetArea
3 BHK Apartment , Nallurhalli,3,3,1585,6309,100,Superbuilt-up
2 Bedroom House , KR Puram,2,2,1200,7333,88,PlotArea
2 BHK Apartment , Attibele,2,2,700,5000,35,Superbuilt-up
3 BHK Apartment , Kanakapura Road,3,2,1150,5217,60,Built-upArea
2 BHK Apartment , Banashankari,2,2,1265,5928,75,Superbuilt-up
1 BHK Apartment , Varthur,1,1,565,4778,27,Superbuilt-up
2 BHK Apartment , Srirampura,2,2,1150,4782,55,Superbuilt-up
2 BHK Apartment , Mysore Road,2,2,1200,5417,65,Superbuilt-up
2 BHK Apartment , Alfa Garden Layout,2,2,1209,4507,54.5,Superbuilt-up
3 BHK Apartment , Horamavu Agara,3,2,1646,4434,73,Built-upArea
1 BHK Apartment , Yelahanka,1,1,602,8305,50,Superbuilt-up
3 BHK Apartment , Narayanapura,3,3,1792,6652,125,Built-upArea
2 Bedroom House , Rachenahalli,2,2,1200,7083,85,PlotArea
3 BHK Apartment , Navarathna Agrahara,3,3,1460,5479,80,Built-upArea
2 BHK Apartment , Aust,2,2,750,7866,59,CarpetArea
2 BHK Apartment , Varthur,2,2,1600,6125,98,Superbuilt-up
2 Bedroom House , A Narayanapura,2,2,1200,9583,115,CarpetArea
2 BHK Independent Builder Floor , S,2,2,1119,6434,72,Built-upArea
2 BHK Independent Builder Floor , Electronics City Phase 1,2,2,1058,2900,30.68,Built-upArea
1 BHK Independent Builder Floor , Battarahalli,1,1,1100,5909,65,Built-upArea
1 BHK Independent Builder Floor , Whitefield,1,1,1315,5095,67,Built-upArea
1 Bedroom House , Bharat Nagar,1,1,2000,9000,180,Built-upArea
1 Bedroom House , Bommanahalli,1,1,1500,9000,135,Built-upArea
2 BHK Independent Builder Floor , RT Nagar,2,2,945,4709,44.5,CarpetArea
2 BHK Apartment , Kaggadasapura,2,2,1050,4571,48,CarpetArea
2 BHK Apartment , Bannerghatta Road,2,2,950,5263,50,CarpetArea
3 BHK Independent Builder Floor , Vijaya Bank Layout,3,2,1200,6250,75,Superbuilt-up
2 BHK Apartment , Bannerghatta Road,2,2,1050,7428,78,Superbuilt-up
3 Bedroom House , Laggere,3,3,750,8800,66,PlotArea
2 BHK Apartment , Tejasw,2,2,1145,4803,55,Superbuilt-up
3 BHK Apartment , Sr,3,2,1450,8620,125,CarpetArea
3 BHK Apartment , 6th Phase JP Nagar,3,3,1555,6881,107,Superbuilt-up
2 BHK Apartment , Raghuvanahalli,2,2,1000,5800,58,Superbuilt-up
3 BHK Apartment , Gulimangala,3,2,1390,3776,52.5,Superbuilt-up
2 BHK Apartment , Uttarahalli,2,2,1080,5370,58,Built-upArea
2 BHK Apartment , Ayappa Nagar,2,2,1100,4177,45.95,Built-upArea
2 BHK Apartment , RT Nagar,2,2,1140,7456,85,CarpetArea
3 BHK Apartment , 7th Phase JP Nagar,3,3,1465,4778,70,Superbuilt-up
2 BHK Apartment , Murugeshpalya,2,2,934,5353,50,Superbuilt-up
2 BHK Apartment , Hoodi,2,2,1271,6294,80,Superbuilt-up
2 BHK Apartment , Kanakapura Road,2,2,907,8379,76,Superbuilt-up
2 BHK Apartment , Rajarajeshwari Nagar,2,2,1030,6213,64,Superbuilt-up
3 BHK Apartment , Kadugodi,3,2,1550,10223,119,Superbuilt-up
2 BHK Apartment , Vidyaranyapura,2,2,1200,5000,60,Superbuilt-up
1 BHK Apartment , 9th Phase JP Nagar,1,1,780,3461,27,Superbuilt-up
3 BHK Apartment , Omkar Nagar,3,3,1783,9534,170,Superbuilt-up
2 BHK Apartment , Nand,2,2,950,6200,65.1,CarpetArea
3 BHK Apartment , Basavanapura,3,3,1385,4693,65,Superbuilt-up
1 BHK Independent Builder Floor , Central Excise Layout,1,1,1100,3636,40,Built-upArea
3 BHK Apartment , Devanahalli,3,2,1145,5677,65,Built-upArea
3 BHK Apartment , Bellandur,3,3,1885,9549,200,CarpetArea
2 BHK Apartment , Kanakapura Road,2,2,1314,6468,85,CarpetArea
2 BHK Apartment , Siddapura,2,2,800,7875,63,CarpetArea
3 BHK Apartment , Uttarahalli,3,3,1920,6563,126,Superbuilt-up
1 BHK Apartment , Kengeri,1,1,418,5503,23,Superbuilt-up
3 BHK Apartment , Kadugodi,3,4,1180,4237,50,Built-upArea
3 BHK Apartment , RR Nagar,3,2,1417,6162,75,Superbuilt-up
2 BHK Independent Builder Floor , Basavangudi,2,2,1222,10229,125,Built-upArea
2 BHK Independent Builder Floor , Nagadevana Halli,2,2,1070,3692,39.5,Built-upArea
3 BHK Apartment , Sarjapur Road,3,2,1445,5259,76,Built-upArea
2 BHK Independent Builder Floor , Sultan Palaya,2,3,1390,5755,80,Built-upArea
2 BHK Apartment , AMS Layout,2,1,700,4286,30,Built-upArea
3 BHK Apartment , Electronics City Phase 1,3,2,1500,5333,80,Built-upArea
3 BHK Apartment , Electronics City Phase 1,3,3,1500,5333,80,Superbuilt-up
3 BHK Apartment , Hennur Road,3,3,1650,6666,110,Superbuilt-up
1 Bedroom House , Anekal,1,1,1200,1000,120,PlotArea
2 BHK Apartment , Murugeshpalya,2,2,924,5411,50,Superbuilt-up
2 BHK Apartment , Begur,2,2,970,4329,42,CarpetArea
2 BHK Apartment , Nyanappana Halli,2,1,672,3705,24.9,CarpetArea
2 BHK Apartment , Hosa Road,2,2,1197,7435,89,CarpetArea
2 BHK Apartment , Panathur,2,2,1210,9000,109,CarpetArea
1 Bedroom House , Nyanappana Halli,1,1,630,9523,60,PlotArea
2 BHK Apartment , Canara Bank Colony,2,2,954,3668,35,Superbuilt-up
3 BHK Apartment , Bagalur,3,2,1067,5141,54.9,Superbuilt-up
2 BHK Apartment , Yelahanka,2,2,1150,4347,50,Superbuilt-up
3 BHK Apartment , Whitefield,3,3,1683,6535,110,CarpetArea
3 BHK Apartment , Talacauvery Layout,3,2,1220,7377,90,Superbuilt-up
2 BHK Apartment , Akshaya Vana,2,2,1191,5037,60,Superbuilt-up
2 BHK Apartment , Whitefield,2,2,1147,7672,88,CarpetArea
2 BHK Apartment , Banaswadi,2,2,1150,6521,75,Built-upArea
2 BHK Apartment , Brooke Bond First Cross,2,2,1270,5905,75,Superbuilt-up
3 BHK Apartment , Ganigarahalli,3,2,1450,3586,52,CarpetArea
3 BHK Apartment , Kenchenahalli,3,4,1925,5974,115,Superbuilt-up
1 Bedroom House , Vaderahalli,1,1,600,7500,45,PlotArea
2 BHK Apartment , Hebbal,2,2,1300,9615,125,Superbuilt-up
2 BHK Apartment , Kasavanhalli,2,2,861,6387,55,Built-upArea
2 BHK Apartment , Electronic City,2,2,931,4726,44,Superbuilt-up
3 BHK Apartment , Hennur Road,3,2,1145,6855,75,Built-upArea
2 BHK Apartment , Varthur,2,2,1111,5130,57,Superbuilt-up
2 BHK Apartment , Tala Cauvery Layout,2,2,1340,6641,89,CarpetArea
3 BHK Apartment , Kalena Agrahara,3,2,1447,4850,70,Built-upArea
3 BHK Apartment , Yelahanka,3,3,1538,7802,120,Superbuilt-up
2 BHK Apartment , Yelahanka,2,2,845,4142,35,CarpetArea
2 BHK Apartment , Dasarahalli,2,2,1130,3982,45,Superbuilt-up
2 BHK Apartment , Ardendale,2,2,1190,4537,54,Superbuilt-up
2 BHK Apartment , Kadugodi,2,2,1260,4841,61,Superbuilt-up
4 Bedroom House , Sarjapur,4,3,1505,11296,170,PlotArea
3 BHK Apartment , Doddathoguru,3,2,1285,3501,45,Superbuilt-up
3 BHK Apartment , Electronic City Phase 2,3,3,1700,4705,80,CarpetArea
4 Bedroom House , Bidarahalli,4,4,1050,8095,85,PlotArea
2 BHK Apartment , Akshaya Nagar,2,2,1075,6046,65,Superbuilt-up
2 BHK Apartment , Rukmaiah Layout,2,2,1015,4876,49.5,Built-upArea
3 BHK Independent Builder Floor , Electronic City,3,2,1285,3268,42,Built-upArea
2 BHK Apartment , Bohra Layout,2,2,853,4923,42,CarpetArea
1 Bedroom House , Basavanagudi,1,1,1900,8947,170,Built-upArea
1 Bedroom House , Mathikere,1,1,2000,5500,110,Built-upArea
3 BHK Independent Builder Floor , Gollahalli-Electronic City,3,2,1300,5385,70,Built-upArea
3 BHK Apartment , Mysore Road,3,2,1568,7015,110,Built-upArea
2 BHK Apartment , Electronic City,2,2,825,4969,41,CarpetArea
3 BHK Apartment , Kengeri,3,3,1000,6800,68,CarpetArea
2 BHK Apartment , Hoskote,2,2,1065,2723,29,CarpetArea
3 BHK Apartment , Jalahalli,3,3,1757,7968,140,Superbuilt-up
2 BHK Apartment , AGS Layout,2,2,1000,4600,46,CarpetArea
2 BHK Apartment , Banashankari,2,2,1200,10000,120,Superbuilt-up
3 BHK Apartment , Yelahanka,3,2,1200,5000,60,Superbuilt-up
2 BHK Apartment , Hoskote,2,2,1065,2910,32,Superbuilt-up
3 BHK Apartment , Pantharapalya,3,2,1568,6441,101,Built-upArea
3 BHK Apartment , Kadugodi,3,2,1414,5445,77,Superbuilt-up
3 Bedroom House , Sarjapur,3,3,1200,10583,127,PlotArea
2 BHK Apartment , Kalena Agrahara,2,2,855,5263,45,Superbuilt-up
3 BHK Apartment , Jakkur,3,3,1374,5676,78,Built-upArea
2 BHK Apartment , Cox Town,2,2,990,6060,60,Built-upArea
3 BHK Apartment , Geddalahalli,3,3,1600,4718,75.5,Superbuilt-up
2 BHK Apartment , Electronics City Phase 1,2,2,870,5172,45,Superbuilt-up
2 BHK Apartment , Muthanallur,2,2,1153,3295,38,CarpetArea
2 BHK Apartment , Electronic City,2,2,860,6395,55,Superbuilt-up
2 BHK Apartment , Chandapura,2,2,949,3161,30,Superbuilt-up
2 BHK Apartment , Vidyaranyapura,2,2,1200,4333,52,Superbuilt-up
2 Bedroom House , Harohalli,2,3,1200,5416,65,PlotArea
3 Bedroom House , Hegdenagar,3,3,1050,11428,140,PlotArea
3 BHK Apartment , Kanakapura Road,3,2,1450,6344,92,Superbuilt-up
3 BHK Apartment , Begur Road,3,2,1160,6293,73,Superbuilt-up
3 BHK Apartment , Rustam Bagh Layout,3,3,1380,7173,99,Built-upArea
3 BHK Apartment , JP Nagar,3,3,1570,6369,100,Built-upArea
3 BHK Apartment , B,3,3,1740,9482,185,Superbuilt-up
3 BHK Apartment , Uttarahalli,3,2,1357,4937,67,Superbuilt-up
3 BHK Apartment , Hoodi,3,2,1370,5474,75,Superbuilt-up
3 BHK Apartment , KR Puram,3,2,1550,4387,68,CarpetArea
2 BHK Independent Builder Floor , Padmanabhanagar,2,2,1020,6176,63,Built-upArea
2 BHK Apartment , BEML Layout,2,2,1145,5240,60,Superbuilt-up
3 BHK Apartment , Hennur Road,3,3,1936,9555,185,Superbuilt-up
3 BHK Apartment , Hennur,3,2,1200,7083,85,Built-upArea
2 BHK Apartment , Sarjapur Road,2,2,1143,4811,55,Superbuilt-up
3 BHK Apartment , Kengeri Satellite Town Stage 1,3,3,1470,4897,72,CarpetArea
3 BHK Apartment , Billekahalli,3,3,1750,8870,138,Superbuilt-up
2 BHK Apartment , Old Madras Road,2,2,1157,7346,85,Superbuilt-up
2 BHK Apartment , Munnekollal,2,2,1170,5300,62,Superbuilt-up
3 BHK Apartment , Ashw,3,2,1200,7500,90,CarpetArea
2 BHK Apartment , Horamavu,2,2,1000,5100,51,CarpetArea
2 BHK Apartment , Byagadadhenahalli,2,1,620,3549,22,Built-upArea
2 BHK Apartment , Electronics City Phase 1,2,2,1070,5608,70,Superbuilt-up
3 BHK Apartment , Chikkalasandra,3,2,1440,4861,70,CarpetArea
2 BHK Apartment , Bannerghatta Road,2,2,1030,7766,80,Superbuilt-up
3 BHK Apartment , Rayasandra,3,3,1639,5796,95,Superbuilt-up
2 BHK Apartment , Kathriguppe,2,2,937,7470,70,Built-upArea
3 BHK Apartment , Banashankari,3,3,1620,6500,105,CarpetArea
2 BHK Apartment , Frazer Town,2,2,1300,9615,125,Superbuilt-up
2 Bedroom House , Malur,2,2,1200,3750,45,PlotArea
2 BHK Apartment , K R Puram,2,2,1010,5940,52,Built-upArea
2 BHK Apartment , Yelahanka,2,2,1225,5700,69.82,Built-upArea
3 BHK Apartment , Devarabisanahalli,3,2,1715,11078,190,CarpetArea
2 BHK Apartment , Electronic City,2,1,850,2352,20,CarpetArea
2 BHK Apartment , Basapura,2,2,1100,5727,62,CarpetArea
3 BHK Apartment , Banashankari Stage 6,3,3,1730,7803,135,Superbuilt-up
2 BHK Apartment , Yelahanka,2,2,1225,5714,70,CarpetArea
3 BHK Apartment , Harlur,3,3,1760,7670,135,Superbuilt-up
2 BHK Apartment , Challaghatta,2,2,1205,10100,122,Superbuilt-up
2 BHK Apartment , Jakkur Plantation,2,2,1368,6798,93,Superbuilt-up
1 Bedroom House , New Baiyyappanahalli,1,1,1875,7466,140,PlotArea
2 BHK Apartment , Devanahalli,2,2,984,5182,51,Superbuilt-up
2 Bedroom House , Bidarahalli,2,2,1200,6833,82,PlotArea
2 BHK Apartment , Gollahalli,2,2,1015,3743,38,Superbuilt-up
2 Bedroom House , Balagaranahalli,2,2,1200,10000,120,PlotArea
2 BHK Apartment , Horamavu,2,2,1600,4562,73,Superbuilt-up
3 BHK Apartment , Nayandanahalli,3,3,1749,9033,158,Built-upArea
2 BHK Apartment , LBS Nagar,2,2,1235,5425,67,CarpetArea
2 Bedroom House , Harlur,2,2,1033,5808,60,Built-upArea
4 Bedroom House , Hegde Nagar,4,4,1000,9500,95,PlotArea
4 Bedroom House , Old Guddadahalli,4,2,800,9375,75,PlotArea
3 BHK Apartment , Sarjapur Road,3,3,1260,3968,50,Superbuilt-up
3 BHK Apartment , Kaverappa Layout,3,3,1700,6176,105,Superbuilt-up
2 BHK Apartment , Dommasandra,2,2,980,5612,55,Built-upArea
2 BHK Apartment , Vijaya Bank Layout,2,2,1260,6350,80,Superbuilt-up
2 BHK Apartment , Electronic City,2,1,865,5317,46,Superbuilt-up
2 BHK Apartment , Battarahalli,2,2,1250,4960,62,Built-upArea
2 BHK Apartment , Nyanappana Halli,2,2,1280,4514,75,Superbuilt-up
3 BHK Apartment , Whitefield,3,3,1666,6002,100,Superbuilt-up
2 BHK Independent Builder Floor , Anekal,2,2,620,3225,20,CarpetArea
2 Bedroom House , Rampura,2,2,950,9684,92,Built-upArea
3 BHK Apartment , Bilekahalli,3,2,1622,5918,96,Built-upArea
3 BHK Apartment , Yelahanka New Town,3,2,1420,6971,99,Built-upArea
2 BHK Apartment , Electronic City,2,2,1100,5454,59.99,Built-upArea
2 BHK Apartment , 5th Phase JP Nagar,2,2,1200,5833,70,CarpetArea
2 BHK Apartment , Basavanapura,2,2,1235,4453,55,Superbuilt-up
3 BHK Apartment , Jagadish Nagar,3,3,1820,4835,88,Superbuilt-up
2 Bedroom House , Bidarahalli,2,2,1200,7083,85,PlotArea
2 BHK Apartment , Mallasandra,2,2,905,5082,46,Superbuilt-up
2 BHK Apartment , Electronic City,2,2,1089,4407,48,CarpetArea
2 BHK Independent Builder Floor , Hennur Gardens,2,2,1250,4960,62,Built-upArea
2 BHK Apartment , Chamundeshwari Layout,2,2,1040,6730,70,Superbuilt-up
3 BHK Apartment , Maithri Layout,3,2,1567,5105,80,Superbuilt-up
2 BHK Apartment , Doddabanahalli,2,2,800,6625,53,CarpetArea
2 BHK Apartment , Babusapalaya,2,3,1800,5277,95,Superbuilt-up
2 Bedroom House , Mylasandra,2,1,1200,5750,69,PlotArea
1 Bedroom House , Ramamurthy Nagar,1,1,1200,8300,99.6,PlotArea
2 BHK Apartment , Kasturi Nagar,2,1,1000,3500,35,Built-upArea
2 Bedroom House , Jigani,2,2,1200,7500,90,PlotArea
2 BHK Apartment , Doddabanahalli,2,2,950,4210,40,Superbuilt-up
2 BHK Apartment , Kaggadasapura,2,2,1120,4286,48,Built-upArea
3 BHK Apartment , Channasandra Layout,3,2,1020,5392,55,CarpetArea
3 BHK Apartment , Konadasapura,3,3,1527,7203,110,Built-upArea
3 Bedroom House , Chokkasandra-Peenya,3,2,1400,5714,80,Built-upArea
3 BHK Independent Builder Floor , Kengeri,3,2,1500,4000,60,Built-upArea
2 BHK Apartment , Sarjapur,2,2,973,4111,40,CarpetArea
3 BHK Apartment , Marasandra,3,2,1075,3905,42,CarpetArea
2 BHK Apartment , Sarjapur Road,2,2,1075,7069,76,Superbuilt-up
3 Bedroom House , Bagalur Ma,3,3,1472,6793,100,PlotArea
1 BHK Apartment , Alur,1,1,600,2666,16,CarpetArea
2 BHK Apartment , Old Madras Road,2,2,1225,8653,106,Superbuilt-up
3 BHK Apartment , Thanisandra,3,2,1435,6750,95,Superbuilt-up
3 BHK Apartment , Electronics City Phase 1,3,2,1376,7267,100,Superbuilt-up
4 BHK Independent Builder Floor , Kachanayakanahalli,4,4,1800,3055,55,CarpetArea
2 BHK Apartment , Kammasandra,2,2,1175,3575,42,Superbuilt-up
3 BHK Apartment , RR NAGARA,3,2,1400,5714,80,CarpetArea
2 BHK Apartment , AGB Layout,2,2,800,4750,38,CarpetArea
2 BHK Independent Builder Floor , Electronics City Phase 1,2,2,991,7568,75,Built-upArea
2 BHK Apartment , Yelachenahalli,2,2,1005,5473,54.5,Built-upArea
3 BHK Apartment , Mathikere,3,3,1400,5357,75,CarpetArea
2 BHK Apartment , Vidyaranyapura,2,2,1215,3456,42,Superbuilt-up
2 BHK Apartment , HRBR Layout,2,2,1388,10806,150,CarpetArea
2 BHK Apartment , Kumbena Agrahara,2,2,1095,4931,54,Superbuilt-up
3 BHK Apartment , 9th Phase JP Nagar,3,3,1890,4814,91,Built-upArea
2 BHK Apartment , Sarjapur,2,2,761,4467,34,CarpetArea
2 Bedroom House , Anekal,2,2,1200,3750,45,PlotArea
2 BHK Apartment , Hosabasavanapura,2,2,1070,4485,45,Superbuilt-up
2 BHK Apartment , Mico Layout,2,1,845,5000,40,CarpetArea
2 BHK Apartment , Sonnenahalli,2,2,1030,3543,36.5,Superbuilt-up
2 BHK Apartment , Kothannur,2,2,1030,5533,57,CarpetArea
2 BHK Apartment , Panathur,2,2,1230,6260,78,Superbuilt-up
3 BHK Apartment , Chennappa Layout,3,2,1545,5178,80,Superbuilt-up
3 Bedroom House , Vij,3,2,750,8666,65,PlotArea
4 Bedroom House , B Narayanapura,4,4,600,9166,55,PlotArea
2 BHK Apartment , Kacharakanahalli,2,2,1050,6667,70,Built-upArea
2 Bedroom House , Mandur,2,2,1200,10000,120,PlotArea
2 Bedroom House , Vabasandra,2,2,1200,4583,55,Built-upArea
2 BHK Apartment , BSM Extension,2,2,875,5142,45,CarpetArea
1 BHK Independent Builder Floor , Whitefield,1,1,834,5755,48,Built-upArea
1 Bedroom House , Nagasandra,1,1,1300,6153,80,Built-upArea
3 BHK Apartment , Doddamma Layout,3,3,1350,4814,65,CarpetArea
3 Bedroom House , RAK felicity,3,3,1200,9166,110,PlotArea
3 BHK Apartment , Garebhavipalya,3,4,1901,9206,228,Superbuilt-up
2 BHK Apartment , Electronic City,2,2,1250,6560,82,CarpetArea
3 Bedroom House , Chandapura,3,3,1200,5123,114,PlotArea
2 BHK Apartment , Chandapura,2,2,858,4428,38,Superbuilt-up
2 BHK Apartment , Gunjur,2,2,1271,6215,79,Superbuilt-up
2 BHK Apartment , Doddakannelli,2,2,1222,6955,85,CarpetArea
2 BHK Apartment , Electronics City Phase 1,2,2,991,8072,80,Superbuilt-up
3 BHK Apartment , Devarabisanahalli,3,3,1800,11166,201,CarpetArea
2 BHK Apartment , AECS Layout,2,2,1171,5123,60,CarpetArea
2 BHK Apartment , Alfa Garden Layout,2,2,1010,5148,52,Superbuilt-up
3 BHK Apartment , V,3,2,1100,5454,60,CarpetArea
4 Bedroom House , L,4,4,1981,4795,95,PlotArea
2 BHK Apartment , Uttarahalli,2,2,900,5555,50,CarpetArea
2 BHK Apartment , Hebbal,2,2,945,4338,41,Superbuilt-up
3 BHK Independent Builder Floor , Arehalli,3,2,1450,5172,75,Built-upArea
3 Bedroom House , Anekal,3,2,1200,4583,55,PlotArea
3 BHK Apartment , Doddaballapur,3,2,1075,4176,44.9,Superbuilt-up
2 BHK Apartment , Jakkur,2,2,1120,6250,70,Superbuilt-up
1 BHK Apartment , Hegde Nagar,1,1,702,7123,50,Superbuilt-up
3 BHK Apartment , Nagegowdanapalya,3,2,1374,5020,75,Superbuilt-up
1 BHK Apartment , Jagajeevan Ram Nagar,1,1,680,11029,75,Built-upArea
2 BHK Independent Builder Floor , Neeladri Nagar,2,2,1200,3333,40,Built-upArea
3 BHK Apartment , AGB Layout,3,3,1289,4111,53,Built-upArea
3 BHK Apartment , Kengeri Satellite Town,3,3,1280,6250,80,Superbuilt-up
2 BHK Apartment , Br,2,2,1060,4528,48,Superbuilt-up
2 BHK Apartment , 6th Block Rajaji Nagar,2,2,700,11428,80,CarpetArea
1 Bedroom House , Vidyamanya Nagar,1,1,1200,7166,86,CarpetArea
2 BHK Apartment , Electronic City,2,2,974,5442,53,Superbuilt-up
2 Bedroom House , Ullal Uppanagar vishweshwaraiah layout 6th block,2,1,1080,6018,65,PlotArea
2 BHK Apartment , Nandi Durga Road,2,2,1305,9578,125,Superbuilt-up
1 Bedroom House , Banashankari Stage 3,1,1,860,11046,95,PlotArea
2 BHK Apartment , New Gurappana Palya,2,2,1200,6250,75,Built-upArea
2 BHK Apartment , MLA Layout,2,2,1190,5294,63,Superbuilt-up
2 BHK Apartment , Kammasandra,2,2,918,3050,28,Superbuilt-up
3 BHK Apartment , Sarakki Nagar,3,2,1120,6696,75,CarpetArea
2 BHK Apartment , Whitefield,2,2,1050,5333,56,Built-upArea
2 BHK Apartment , Bannerghatta Road,2,2,1325,8200,109,Built-upArea
2 BHK Apartment , Electronics City Phase 1,2,2,1000,4000,40,CarpetArea
3 Bedroom House , Kanakapura,3,3,1200,4666,56,PlotArea
3 BHK Apartment , Thanisandra,3,3,1435,6968,100,Superbuilt-up
2 BHK Apartment , Electronic City,2,2,1140,4035,46,Superbuilt-up
2 BHK Apartment , 3rd Block Hrbr Layout,2,2,1056,6629,70,Superbuilt-up
3 BHK Apartment ," Vaishnavi layout,vidyaranyapura",3,3,1621,4935,80,CarpetArea
2 BHK Apartment , Horamavu Agara,2,2,1220,3196,39,Superbuilt-up
2 BHK Apartment , Horamavu Agara,2,2,1070,3242,34.69,Built-upArea
2 BHK Apartment , Banaswadi,2,2,1054,4554,48,Superbuilt-up
2 BHK Apartment , Kaval Byrasandra,2,2,1200,5000,60,CarpetArea
2 BHK Apartment , Gnana Bharathi,2,2,850,4235,36,Built-upArea
2 BHK Apartment , Marsur,2,2,1285,5058,65,Superbuilt-up
2 BHK Apartment , Thirupalya,2,2,1070,5140,55,CarpetArea
1 BHK Apartment , Electronics City Phase 1,1,1,715,6433,46,Superbuilt-up
3 BHK Apartment , Tumkur Road,3,3,1705,9677,165,CarpetArea
3 BHK Apartment , KR Puram,3,3,1918,5995,115,Superbuilt-up
4 Bedroom House , Chandra Layout Extension,4,4,800,6000,180,PlotArea
3 BHK Apartment , Frazer Town,3,3,1100,7000,77,Superbuilt-up
2 BHK Apartment , Kasavanhalli,2,2,1206,4560,55,Built-upArea
2 Bedroom House , Hebbagodi,2,2,800,8250,66,PlotArea
4 Bedroom House , Hoskote,4,4,1162,6799,79,PlotArea
1 BHK Independent Builder Floor , Kamakshipalya,1,1,750,5066,38,Built-upArea
2 BHK Apartment , Kereguddadahalli,2,2,1055,3791,40,Superbuilt-up
2 BHK Apartment , Doddakannelli,2,2,1050,8190,86,Superbuilt-up
2 BHK Apartment , KR Puram,2,2,1036,4536,47,Superbuilt-up
2 BHK Apartment , Jalahalli,2,2,1185,5485,65,Superbuilt-up
3 BHK Apartment , Rahat Bagh,3,2,1500,5333,80,CarpetArea
2 BHK Apartment , Bidrahalli,2,2,1375,5000,67,CarpetArea
3 Bedroom House , Sarjapur,3,3,2077,8275,240,PlotArea
2 BHK Apartment , KR Puram,2,2,1081,6151,66.5,CarpetArea
2 BHK Apartment , Electronics City Phase 1,2,2,1250,6000,75,CarpetArea
2 BHK Apartment , Hadosiddapura,2,2,1010,5445,55,CarpetArea
2 BHK Apartment , JP Nagar,2,2,1130,5752,65,CarpetArea
3 BHK Apartment , Electronics City Phase 1,3,2,1500,5000,80,Built-upArea
3 BHK Apartment , 8th Phase JP Nagar,3,3,1670,6586,110,Superbuilt-up
2 BHK Apartment , Kengeri,2,2,726,5096,37,Superbuilt-up
3 BHK Apartment , Hbr bda complex,3,3,1350,8148,110,Superbuilt-up
2 BHK Apartment , KR Puram,2,2,1257,4136,52,Superbuilt-up
2 BHK Apartment , Hallehalli,2,2,1161,3789,44,CarpetArea
1 BHK Independent Builder Floor , Whitefield,1,1,1328,4668,62,Built-upArea
3 BHK Apartment , Tumkur Road,3,3,1416,6497,110,Built-upArea
2 BHK Independent Builder Floor , Whitefield,2,2,1171,4526,53,Built-upArea
2 BHK Apartment , Electronic City,2,2,1221,6552,80,Superbuilt-up
Studio Apartments / 1 RK Flats , Shirke Layout,1,1,450,2333,10.5,Built-upArea
2 BHK Apartment , Someshwara Layout,2,2,1229,6265,77,Superbuilt-up
2 BHK Apartment , Varthur,2,2,1240,11209,139,Superbuilt-up
3 BHK Apartment , Kempe Gowda Nagar,3,3,1540,5698,87.75,Built-upArea
2 BHK Apartment , Ashwathnagar,2,2,1100,4545,50,Superbuilt-up
3 BHK Apartment , RWF West Colony,3,2,1700,4117,70,Built-upArea
2 BHK Apartment , 8th Phase JP Nagar,2,2,1120,6071,68,Superbuilt-up
2 BHK Apartment , Ferrar Nagar,2,2,1198,7095,85,Built-upArea
3 BHK Apartment , RWF West Colony,3,2,1427,5956,75,Built-upArea
2 BHK Apartment , Laxm,2,2,1125,4888,55,Superbuilt-up
2 BHK Apartment , Jalahalli,2,2,1001,3996,40,Built-upArea
2 BHK Independent Builder Floor , Banashankari Stage 2,2,2,1175,7234,85,Built-upArea
3 Bedroom House , T Dasarahalli,3,3,1375,9454,130,PlotArea
3 BHK Apartment , Bannerghatta Road,3,3,1476,6775,100,Superbuilt-up
3 BHK Apartment , Uttarahalli,3,2,1380,5434,75,Superbuilt-up
2 BHK Apartment , Tejasw,2,2,1145,6113,70,Superbuilt-up
2 BHK Apartment , Battarahalli,2,2,1157,4753,55,CarpetArea
3 BHK Apartment , S,3,2,1453,5849,85,Superbuilt-up
3 BHK Apartment , 5th Phase JP Nagar,3,2,1310,6000,78.6,CarpetArea
2 BHK Apartment , Hoodi,2,2,1070,5420,58,CarpetArea
2 BHK Apartment , Devanahalli,2,2,573,7841,45,Superbuilt-up
3 BHK Apartment , Kadathanamale,3,2,1200,4166,50,CarpetArea
2 BHK Apartment , Alfa Garden Layout,2,2,1215,4000,48.6,CarpetArea
3 BHK Apartment , Sarjapur Road,3,3,1660,8433,140,Superbuilt-up
2 BHK Apartment , Whitefield,2,2,987,5572,55,CarpetArea
3 BHK Apartment , Rose Garden jp nagar 6th phase,3,3,1825,9863,180,CarpetArea
2 BHK Apartment , Kada Agrahara,2,2,640,4921,31.5,CarpetArea
2 BHK Apartment , Kaval Byrasandra,2,2,910,3571,32.5,CarpetArea
3 BHK Apartment , Chandapura,3,2,1356,4867,66,CarpetArea
4 BHK Apartment , 6th Phase JP Nagar,4,3,1960,11000,215,CarpetArea
2 BHK Apartment , Ramanashree Enclave,2,1,1021,8814,90,CarpetArea
2 BHK Apartment , Whitefield,2,2,1065,5446,58,Superbuilt-up
2 BHK Apartment , Kanakapura Road,2,2,1100,6818,75,Built-upArea
2 BHK Apartment , Electronics City Phase 1,2,2,880,3409,30,Superbuilt-up
2 BHK Apartment , Sanjay nagar,2,2,697,6886,48,Superbuilt-up
3 BHK Apartment , Kanakapura Road,3,3,1400,6000,84,Superbuilt-up
3 BHK Apartment , Hongasandra,3,2,1264,5221,66,CarpetArea
2 BHK Apartment , RT Nagar,2,2,1000,5800,58,CarpetArea
2 BHK Apartment , Sarjapura Attibele Road,2,2,1129,6200,70,Superbuilt-up
1 BHK Apartment , Electronics City Phase 1,1,1,635,4724,30,Superbuilt-up
2 BHK Apartment , Xavier Layout,2,2,1260,10079,127,Superbuilt-up
3 BHK Apartment , Choodasandra,3,2,1338,6875,92,Superbuilt-up
2 BHK Independent Builder Floor , Sarjapur Road,2,2,759,5534,42,Built-upArea
2 BHK Independent Builder Floor , Balaji Layout,2,2,1005,4279,43,Built-upArea
3 BHK Apartment , Uttarahalli,3,3,1750,4000,70,Superbuilt-up
4 Bedroom House , Kaval Bairasandra,4,3,1200,4750,57,Built-upArea
2 BHK Apartment , JP Nagar,2,2,1323,6802,90,Built-upArea
2 BHK Apartment , Attibele,2,2,1120,4017,45,Built-upArea
3 BHK Apartment , Kasavanhalli,3,3,1900,5684,108,Built-upArea
2 BHK Independent Builder Floor , Begur Road,2,2,1200,3333,40,Built-upArea
4 Bedroom House , Ullal Ma,4,4,1850,6757,125,Built-upArea
2 Bedroom House ," Electronics City Phase 1, Electronic City",2,2,950,6947,66,Built-upArea
3 BHK Apartment , Bendiganahalli,3,3,1350,6296,85,Built-upArea
3 BHK Apartment , Nobo Nagar,3,3,1535,5537,85,Built-upArea
2 BHK Apartment , Kalkere,2,2,1064,6109,65,Built-upArea
3 BHK Apartment , Haralur Ma,3,2,1200,5833,70,Built-upArea
3 BHK Apartment , Brigade Cornerstone Utopia,3,3,1821,10159,185,Built-upArea
3 BHK Apartment , Sri Balaji Krupa Layout,3,2,1241,7333,91,Built-upArea
1 BHK Apartment , Budigere,1,1,722,7618,52,Built-upArea
1 Bedroom House , Kaval Bairasandra,1,1,1200,9166,110,Built-upArea
1 Bedroom House , Basavanapura,1,1,600,9000,54,Built-upArea
1 Bedroom House , Anjanapura Township,1,1,1350,6074,82,Built-upArea
1 Bedroom House , Kengeri Satellite Town,1,1,1200,5216,62.6,Built-upArea
2 BHK Apartment , Sarjapura Attibele Road,2,2,1167,2828,33,Built-upArea
1 Bedroom House , Harapanahalli,1,1,1200,4166,50,Built-upArea
1 Bedroom House , Jnana Ganga Nagar,1,1,1800,5611,101,Built-upArea
1 BHK Independent Builder Floor , Channigarayapura,1,1,2000,5500,110,Built-upArea
1 Bedroom House , Kodigehalli,1,1,900,11111,100,Built-upArea
3 BHK Apartment , Doddagubbi,3,3,1330,4500,59.85,Built-upArea
3 BHK Apartment , Sarjapur Road,3,3,1240,11129,138,CarpetArea
1 Bedroom House , Kothanur,1,1,1950,9230,180,Built-upArea
3 BHK Apartment , Basapura,3,2,1380,4710,65,Built-upArea
1 Bedroom House , Hoskote,1,1,1897,3953,75,Built-upArea
1 Bedroom House , Ullal Uppanagar,1,1,1140,6140,70,Built-upArea
1 Bedroom House , Ramamurthy Nagar,1,1,980,8163,80,Built-upArea
2 BHK Independent Builder Floor , Malleshpalya,2,2,1155,5194,60,CarpetArea
2 BHK Apartment , Sahakara Nagar,2,2,1318,5690,75,Built-upArea
2 BHK Apartment , Electronics City Phase 1,2,2,1070,5046,54,Superbuilt-up
3 BHK Apartment , Gubbalala,3,2,1685,4452,75,Built-upArea
2 BHK Apartment , Horamavu,2,2,1031,6498,67,Superbuilt-up
2 BHK Apartment , Talaghattapura,2,2,1110,6306,70,Superbuilt-up
1 Bedroom House , Andrahalli,1,2,1348,4451,60,PlotArea
2 BHK Apartment , Gottigere,2,2,1130,4238,47.9,Built-upArea
2 Bedroom House , Hosakerehalli,2,2,1710,9356,160,PlotArea
2 BHK Apartment , Talaghattapura,2,2,1110,6306,70,CarpetArea
2 BHK Apartment , Doddathoguru,2,2,940,2765,26,CarpetArea
3 BHK Apartment , HSR Layout,3,2,1375,6545,90,CarpetArea
2 BHK Apartment , Whitefield,2,2,1148,6533,75,Superbuilt-up
2 BHK Apartment , Electronics City Phase 1,2,2,825,5454,45,CarpetArea
2 BHK Apartment , Horamavu,2,2,1169,9409,110,CarpetArea
3 BHK Apartment , S,3,3,1600,4875,78,CarpetArea
2 BHK Independent Builder Floor , Bommasandra Industrial Area,2,2,900,2833,25.5,CarpetArea
2 BHK Apartment , Electronic City,2,2,825,3152,25,Superbuilt-up
3 BHK Independent Builder Floor , Bhavani Nagar,3,3,2050,7317,150,Built-upArea
3 BHK Apartment , Sarjapur,3,3,800,5000,40,CarpetArea
2 BHK Apartment , Amruthahalli Ma,2,2,1070,5794,62,CarpetArea
3 BHK Apartment , Banashankari Stage 3,3,3,1530,6797,104,CarpetArea
1 BHK Apartment , Jalahalli East,1,1,800,6250,50,Built-upArea
3 BHK Apartment , Nagondanahalli,3,3,1537,5204,80,Superbuilt-up
1 BHK Apartment , Hosa Road,1,1,598,7023,42,Superbuilt-up
1 BHK Apartment , 3rd Block Hrbr Layout,1,1,700,7142,50,Superbuilt-up
4 BHK Apartment , Ashw,4,4,1500,8333,125,CarpetArea
1 BHK Apartment , Balagere,1,1,745,8859,66,Superbuilt-up
3 BHK Apartment , kavalbyrasandra R.T.Nagar post,3,3,1350,6666,90,CarpetArea
2 BHK Apartment , Malleshwaram,2,2,982,8859,87,Superbuilt-up
3 BHK Apartment , Thanisandra,3,3,1440,5347,77,CarpetArea
2 BHK Apartment , Murugeshpalaya,2,2,800,7500,60,CarpetArea
3 BHK Apartment , Devasthanagalu,3,2,1625,5476,89,Superbuilt-up
3 BHK Apartment , Amblipura,3,3,1770,10451,185,Superbuilt-up
2 BHK Apartment , Roopena Agrahara,2,2,1000,5500,55,Superbuilt-up
2 BHK Apartment , Carmelaram,2,2,1147,7410,85,Superbuilt-up
2 BHK Apartment , Bagalur,2,2,530,9811,52,CarpetArea
2 BHK Apartment , Tumkur Road,2,2,992,10963,78,Superbuilt-up
2 BHK Apartment , Tejasw,2,2,1200,5833,70,Superbuilt-up
2 BHK Apartment , Sahakara Nagar,2,2,1260,5555,70,Built-upArea
3 BHK Apartment , Bellandur,3,4,1980,8333,165,Built-upArea
2 BHK Apartment , Hosur Road,2,2,1150,3043,35,Built-upArea
3 BHK Apartment , Ananth Nagar,3,2,1350,4074,55,Built-upArea
1 Bedroom House , Soppahalli,1,1,850,4341,36.9,Built-upArea
3 BHK Apartment , Electronic City,3,3,1395,6810,95,Built-upArea
2 BHK Apartment , Mysore Road,2,2,882,4989,44,Built-upArea
1 Bedroom House , Soppahalli,1,1,800,4612,36.9,Built-upArea
1 Bedroom House , Ramohalli,1,1,1200,3916,47,Built-upArea
2 BHK Apartment , Sarjapur,2,2,761,5256,40,Built-upArea
3 BHK Apartment , Akshayanagara West,3,2,1385,9386,130,Superbuilt-up
2 BHK Apartment , Devanahalli Int Airport,2,2,1045,4784,49.99,Superbuilt-up
3 BHK Apartment , Panathur,3,3,1575,5650,89,Superbuilt-up
2 BHK Apartment , Kaikondrahalli,2,2,1190,5714,68,Superbuilt-up
2 BHK Apartment , Nagappa Reddy Layout,2,2,1470,4458,65.54,Superbuilt-up
2 BHK Independent Builder Floor , 1st Phase JP Nagar,2,2,1140,5264,60,Superbuilt-up
2 BHK Apartment , Ramamurthy Nagar,2,2,750,5866,44,Superbuilt-up
1 BHK Apartment , Electronic City,1,1,638,7210,46,Built-upArea
3 BHK Apartment , Marsur,3,2,1285,4747,61,CarpetArea
3 Bedroom House , Andrahalli,3,2,600,9166,55,CarpetArea
3 BHK Apartment , Sahakara Nagar,3,3,1757,5577,98,Built-upArea
2 BHK Apartment , Sompura Gate,2,2,1178,4923,58,Superbuilt-up
4 Bedroom House , KR Puram,4,4,600,11333,68,Built-upArea
2 BHK Apartment , Rachenahalli,2,2,1200,5791,69.5,Superbuilt-up
3 BHK Apartment , Marasandra dodbalapur road,3,2,1180,4068,48,Built-upArea
3 BHK Apartment , Industrial Layout,3,2,1323,5291,70,Superbuilt-up
3 BHK Apartment , 8th Phase JP Nagar,3,3,1600,5812,93,Superbuilt-up
2 BHK Apartment , Immadihalli,2,2,1049,5052,53,Superbuilt-up
2 BHK Apartment , Uttarahalli,2,2,1292,5417,70,Superbuilt-up
2 BHK Apartment , Pai Layout,2,2,1065,5633,60,Superbuilt-up
2 BHK Apartment , Nagarbhavi,2,2,1149,5395,62,Built-upArea
2 BHK Apartment , Nagasandra,2,2,1134,3527,40,CarpetArea
2 BHK Apartment , Horamavu Agara,2,2,1057,5487,58,CarpetArea
2 BHK Apartment , Kengeri,2,2,1043,6232,65,Superbuilt-up
1 Bedroom House , Chandapura,1,1,1200,2750,33,PlotArea
3 BHK Apartment , Bellandur,3,2,1454,6189,90,Superbuilt-up
3 BHK Apartment , Rajapura,3,3,1229,8950,110,Superbuilt-up
2 BHK Apartment , 8th Phase JP Nagar,2,2,1324,6797,90,Superbuilt-up
2 BHK Apartment , Kengeri,2,2,1023,5376,55,Superbuilt-up
2 BHK Apartment , Whitefield,2,2,1165,5836,68,Superbuilt-up
3 BHK Apartment , Devanahalli,3,3,1780,5505,98,Superbuilt-up
2 BHK Apartment , Kadubeesanahalli,2,2,1342,7078,95,CarpetArea
2 Bedroom House , KR Puram,2,2,1248,6730,84,PlotArea
2 BHK Apartment , KR Puram,2,2,945,7089,67,Superbuilt-up
2 BHK Apartment , Bommanahalli,2,2,1405,7117,100,CarpetArea
2 BHK Apartment , KR Puram,2,2,1335,6891,92,Superbuilt-up
2 Bedroom House , Kithaganur,2,2,1000,7000,70,PlotArea
1 BHK Apartment , Vishwapriya Layout,1,1,535,3738,20,Superbuilt-up
2 BHK Apartment , Battarahalli,2,2,1100,4728,52,Built-upArea
2 BHK Apartment , Celebrity Classic Layout,2,2,1530,3725,57,Built-upArea
2 BHK Independent Builder Floor , Sarjapur,2,2,762,5249,40,Built-upArea
2 BHK Apartment , Brookefield,2,2,1142,8319,95,Built-upArea
1 Bedroom House , Chandapura,1,1,1600,3437,55,Built-upArea
2 Bedroom House , Malur,2,2,1200,4166,55,PlotArea
2 BHK Apartment , Old Madras Road,2,2,1148,8536,105,CarpetArea
2 BHK Apartment , Sarjapur Road,2,2,1155,7359,85,Built-upArea
1 BHK Apartment , Sarjapur Road,1,1,626,4311,26.99,Superbuilt-up
2 BHK Apartment , Kothnur Narayanapura,2,2,1090,3853,42,Built-upArea
2 BHK Independent Builder Floor , 8 ma,2,2,1170,9402,110,Built-upArea
1 Bedroom House , Kodigehalli,1,1,1200,5166,62,Built-upArea
1 Bedroom House , Bukkasagara,1,1,1200,5416,65,Built-upArea
3 Bedroom House , Kyathsandra,3,3,1400,6428,90,Built-upArea
1 BHK Independent Builder Floor , Thattanahalli,1,1,1087,5059,55,Built-upArea
1 Bedroom House , L,1,1,2028,8382,170,Built-upArea
1 Bedroom House , HBR Layout,1,1,2000,4750,95,Built-upArea
2 BHK Apartment , Sarjapur Road,2,2,1400,6071,85,Built-upArea
2 BHK Apartment , Doddakallasandra,2,2,1140,5701,65,Superbuilt-up
3 BHK Apartment , RR Nagar,3,3,1650,7696,127,Superbuilt-up
3 BHK Apartment , Yelahanka,3,2,1075,4325,46.5,CarpetArea
2 BHK Apartment , Yelahanka,2,2,883,7045,62,Superbuilt-up
3 BHK Apartment , Rajarajeshwari Nagar,3,2,1330,5864,78,Superbuilt-up
2 BHK Apartment , Abbigere,2,2,1100,5500,60.5,CarpetArea
2 BHK Apartment , Hagadur,2,2,1065,4413,47,Superbuilt-up
3 BHK Apartment , Parappana Agrahara,3,2,1605,5295,85,Superbuilt-up
1 BHK Apartment , Kaval Byrasandra,1,2,480,7291,35,Superbuilt-up
2 BHK Apartment , Hallehalli,2,2,1091,5087,55.5,Superbuilt-up
3 BHK Apartment , Whitefield,3,3,1652,7264,150,Superbuilt-up
2 BHK Apartment , Konanakunte Cross,2,2,1455,6185,90,Superbuilt-up
3 BHK Apartment , Nagegowdanapalya,3,2,1374,4946,74,Superbuilt-up
3 Bedroom House , Anjanapura,3,3,1500,10666,160,PlotArea
3 BHK Apartment , KR Puram,3,3,1433,10118,145,Superbuilt-up
2 BHK Independent Builder Floor , Akshaya Nagar,2,2,1170,4701,55,CarpetArea
3 BHK Apartment , Mariyannapalya,3,3,1450,4827,70,Built-upArea
4 BHK Apartment , Marathahalli,4,3,1600,9375,150,CarpetArea
2 Bedroom House , Kanakapura,2,1,1200,9166,110,PlotArea
3 BHK Apartment , Adugodi,3,2,1350,10000,135,Superbuilt-up
3 BHK Apartment , Duvasapalya,3,2,1410,4964,70,CarpetArea
1 Bedroom House , Nelamangala,1,1,600,8333,50,Built-upArea
1 BHK Independent Builder Floor , Gottigere,1,1,1200,10833,13,Built-upArea
1 Bedroom House , Guddadahalli,1,1,800,10000,80,Built-upArea
3 Bedroom House , Shivapura,3,3,720,6666,48,Built-upArea
4 BHK Apartment , Ejipura,4,4,1500,8000,120,Built-upArea
1 BHK Apartment ," Hachamma Temple Road, Banaswadi",1,1,584,5821,34,Built-upArea
3 BHK Apartment , Sai Sudha Karnasree residency,3,3,1483,4383,65,Built-upArea
3 BHK Apartment , Bommanahalli,3,2,1385,4909,68,Built-upArea
3 Bedroom House , Bidarahalli,3,3,1425,6877,98,Built-upArea
3 BHK Apartment , Konanakunte,3,2,1450,7586,110,Built-upArea
2 BHK Apartment , Kadubeesanahalli,2,2,1080,6018,65,Built-upArea
3 BHK Apartment , Whitefield,3,3,1810,6906,125,Built-upArea
3 BHK Apartment , Sultanpalya,3,2,1250,4960,62,Built-upArea
1 Bedroom House , Bagalakunte,1,1,1800,11111,200,Built-upArea
1 Bedroom House , Kamakshipalya,1,1,430,7558,32.5,Built-upArea
2 BHK Apartment , J. P. Nagar,2,2,1150,4347,50,Built-upArea
2 BHK Apartment , Munnekollal,2,2,1355,7380,100,Built-upArea
3 BHK Apartment , Kumaraswamy Layout,3,2,1230,8130,100,Built-upArea
3 BHK Apartment , Jp Nagar,3,2,1450,6551,95,Built-upArea
3 BHK Apartment , Indiranagar,3,3,1740,7471,130,Built-upArea
2 BHK Apartment , Manorayanapalya,2,2,750,4933,37,Built-upArea
2 Bedroom House , Bommasandra,2,2,800,8025,64.2,Built-upArea
2 BHK Apartment , Bagalur Ma,2,2,799,5256,42,Built-upArea
1 BHK Apartment , KR Puram,1,1,650,7692,50,Superbuilt-up
3 BHK Apartment , HBR Layout,3,3,1500,7666,115,CarpetArea
2 BHK Apartment , Gottigere,2,2,1170,5982,70,Superbuilt-up
2 BHK Apartment , Electronics City Phase 1,2,2,991,8375,83,Superbuilt-up
3 BHK Apartment , Hanumantha Nagar,3,2,1200,9000,108,CarpetArea
2 BHK Apartment , Kaggadasapura,2,2,1130,7079,80,CarpetArea
1 Bedroom House , Chandapura,1,1,600,6833,41,PlotArea
3 Bedroom House , Hulimangala,3,3,1610,6111,110,PlotArea
1 BHK Apartment , Kudlu Gate,1,1,702,10683,75,Superbuilt-up
2 BHK Apartment , 8th Phase JP Nagar,2,2,1089,7346,80,Superbuilt-up
3 BHK Apartment , CV Raman Nagar,3,3,1789,10005,179,CarpetArea
2 BHK Apartment , Jalahalli West,2,2,1225,6530,80,Superbuilt-up
3 BHK Apartment , Nehru Nagar,3,2,1275,5800,73.95,Superbuilt-up
2 BHK Apartment , Sarjapur Road,2,2,1049,5243,55,CarpetArea
2 BHK Apartment , Addischetan Layout,2,2,1000,5800,58,CarpetArea
2 Bedroom House , Kengeri,2,1,650,8923,58,Built-upArea
